ID,desc::start_item_id,desc::speaker,desc::word,front_back,labels,standard,language,gender,F1,F2,F1_lobanov,F2_lobanov,match,audio_url
1,5099,D17_33TM62_1,diventa,front,ɛ,ɛ,ita,m,345.5,1690.5,0.291091495,0.796347113,TRUE,https://www.francescocangemi.com/icphs2027/vietti/0001.wav
2,6884,D11_21BM60_1,situazione,back,o,o,ita,m,265,1197,-0.803139773,-0.53236301,TRUE,https://www.francescocangemi.com/icphs2027/vietti/0002.wav
3,4568,D01_01BF47_1,forcella,front,ɛ,ɛ,ita,f,630,1691,0.648959138,-0.096060245,TRUE,https://www.francescocangemi.com/icphs2027/vietti/0003.wav
4,5544,D10_19LM18_1,centro,front,e,ɛ,tyr,m,426,1919,0.066347543,1.329371175,FALSE,https://www.francescocangemi.com/icphs2027/vietti/0004.wav
5,5725,D19_38BF21_1,fuori,back,ɔ,ɔ,bil,f,617.5,1416,1.399422326,-0.701726124,TRUE,https://www.francescocangemi.com/icphs2027/vietti/0005.wav
6,5601,D11_22BM51_1,ottimo,back,ɔ,ɔ,ita,m,406.5,933.5,0.068596685,-1.259469549,TRUE,https://www.francescocangemi.com/icphs2027/vietti/0006.wav
7,4833,D07_14BF45_1,notte,back,ɔ,ɔ,tyr,f,758,1092,1.013183944,-1.218674357,TRUE,https://www.francescocangemi.com/icphs2027/vietti/0007.wav
8,5317,D03_05SGF21_1,mondo,back,o,o,tyr,f,687,1992,0.916814806,0.405864927,TRUE,https://www.francescocangemi.com/icphs2027/vietti/0008.wav
9,4059,D05_10BF52_1,pensa,front,ɛ,ɛ,ita,f,460,2240,0.052475876,1.26176381,TRUE,https://www.francescocangemi.com/icphs2027/vietti/0009.wav
10,5984,D14_27BF49_1,nuoto,back,ɔ,ɔ,tyr,f,471,919,0.078863405,-1.405985148,TRUE,https://www.francescocangemi.com/icphs2027/vietti/0010.wav
11,7355,D19_38BF21_1,erano,front,ɛ,ɛ,bil,f,562.5,1895,0.912676179,0.279314484,TRUE,https://www.francescocangemi.com/icphs2027/vietti/0011.wav
12,7427,D10_20LF18_1,potrebbero,front,e,ɛ,bil,f,476,2131,-0.341498586,0.519826609,FALSE,https://www.francescocangemi.com/icphs2027/vietti/0012.wav
13,7391,D19_38BF21_1,della,front,e,e,bil,f,497.5,1804.5,0.337430733,0.0939613,TRUE,https://www.francescocangemi.com/icphs2027/vietti/0013.wav
14,5167,D01_02BF47_1,roba,back,ɔ,ɔ,ita,f,395,887.5,-0.349504522,-1.228085194,TRUE,https://www.francescocangemi.com/icphs2027/vietti/0014.wav
15,5263,D11_21BM60_1,poi,back,ɔ,ɔ,ita,m,536,1224.5,1.13952393,-0.472175386,TRUE,https://www.francescocangemi.com/icphs2027/vietti/0015.wav
16,4894,D17_34TF31_1,ancora,back,o,o,bil,f,377.5,1057,-0.200901724,-1.517250036,TRUE,https://www.francescocangemi.com/icphs2027/vietti/0016.wav
17,3916,D01_02BF47_1,meno,front,e,e,ita,f,341,1898,-0.660372164,0.70422135,TRUE,https://www.francescocangemi.com/icphs2027/vietti/0017.wav
18,5291,D05_10BF52_1,perché,front,e,e,ita,f,345,1983.5,-0.665138087,0.688795377,TRUE,https://www.francescocangemi.com/icphs2027/vietti/0018.wav
19,5059,D05_10BF52_1,siccome,back,o,o,ita,f,327,1270,-0.777460273,-0.905017401,TRUE,https://www.francescocangemi.com/icphs2027/vietti/0019.wav
20,5149,D19_37BM24_1,inizialmente,front,e,e,bil,m,301.5,1802,-0.455294528,0.617698793,TRUE,https://www.francescocangemi.com/icphs2027/vietti/0020.wav
21,7298,D10_20LF18_1,secondo,back,ɔ,o,bil,f,603,1409,0.421031925,-0.802740049,FALSE,https://www.francescocangemi.com/icphs2027/vietti/0021.wav
22,4648,D11_22BM51_1,zona,back,ɔ,ɔ,ita,m,489,1269,0.632590366,-0.480375319,TRUE,https://www.francescocangemi.com/icphs2027/vietti/0022.wav
23,6193,D01_01BF47_1,perché,front,e,e,ita,f,398.5,2013,-0.482765823,0.574703219,TRUE,https://www.francescocangemi.com/icphs2027/vietti/0023.wav
24,6898,D19_37BM24_1,termine,front,ɛ,e,bil,m,545.5,1631.5,1.165643545,0.227590949,FALSE,https://www.francescocangemi.com/icphs2027/vietti/0024.wav
25,6768,D14_27BF49_1,detto,front,e,e,tyr,f,300,1815,-1.009082974,0.567267648,TRUE,https://www.francescocangemi.com/icphs2027/vietti/0025.wav
26,5334,D19_37BM24_1,è,front,e,ɛ,bil,m,396.5,1719.5,0.17580841,0.428936933,FALSE,https://www.francescocangemi.com/icphs2027/vietti/0026.wav
27,5464,D03_05SGF21_1,pensi,front,ɛ,ɛ,tyr,f,515,1990,-0.076318811,0.401809036,TRUE,https://www.francescocangemi.com/icphs2027/vietti/0027.wav
28,6692,D03_05SGF21_1,persona,back,ɔ,o,tyr,f,544,1623,0.091128136,-0.342447029,FALSE,https://www.francescocangemi.com/icphs2027/vietti/0028.wav
29,5464,D14_27BF49_1,prenderlo,front,e,ɛ,tyr,f,404,1833,-0.347407984,0.606908887,FALSE,https://www.francescocangemi.com/icphs2027/vietti/0029.wav
30,7194,D10_20LF18_1,virgolette,front,e,e,bil,f,515,2334,-0.107335673,0.891683993,TRUE,https://www.francescocangemi.com/icphs2027/vietti/0030.wav
31,7586,D11_21BM60_1,oltre,back,o,o,ita,m,325.5,732,-0.369445477,-1.550081015,TRUE,https://www.francescocangemi.com/icphs2027/vietti/0031.wav
32,4873,D19_38BF21_1,progetto,front,ɛ,ɛ,bil,f,664,1917,1.810944068,0.324372717,TRUE,https://www.francescocangemi.com/icphs2027/vietti/0032.wav
33,4878,D10_19LM18_1,stesso,front,e,e,tyr,m,355,1742,-0.513061578,0.778723719,TRUE,https://www.francescocangemi.com/icphs2027/vietti/0033.wav
34,5204,D01_01BF47_1,ritorno,back,o,o,ita,f,326,1024,-0.837193727,-1.485498851,TRUE,https://www.francescocangemi.com/icphs2027/vietti/0034.wav
35,5726,D19_37BM24_1,questi,front,e,e,bil,m,288,1506.5,-0.544977577,-0.05841187,TRUE,https://www.francescocangemi.com/icphs2027/vietti/0035.wav
36,4992,D07_13BF49_1,po',back,ɔ,ɔ,tyr,f,425.5,899.5,-0.017248127,-1.607994006,TRUE,https://www.francescocangemi.com/icphs2027/vietti/0036.wav
37,6624,D17_34TF31_1,piedi,front,ɛ,ɛ,bil,f,309,2629,-0.595447479,1.564737269,TRUE,https://www.francescocangemi.com/icphs2027/vietti/0037.wav
38,6163,D10_20LF18_1,dove,back,o,o,bil,f,431,1553,-0.611686562,-0.538959441,TRUE,https://www.francescocangemi.com/icphs2027/vietti/0038.wav
39,6357,D19_38BF21_1,livello,front,ɛ,ɛ,bil,f,508,1733,0.430354997,-0.052477956,TRUE,https://www.francescocangemi.com/icphs2027/vietti/0039.wav
40,4922,D17_33TM62_1,stesso,front,e,e,ita,m,282.5,1734.5,-0.486135079,0.899917505,TRUE,https://www.francescocangemi.com/icphs2027/vietti/0040.wav
41,4815,D20_39BF58_1,sempre,front,e,ɛ,tyr,f,314,2059,-0.777520108,0.698979054,FALSE,https://www.francescocangemi.com/icphs2027/vietti/0041.wav
42,6141,D01_01BF47_1,piedi,front,e,ɛ,ita,f,446,2416.5,-0.250554438,1.415240667,FALSE,https://www.francescocangemi.com/icphs2027/vietti/0042.wav
43,4506,D20_39BF58_1,detto,front,e,e,tyr,f,336,2372,-0.638991697,1.30378525,TRUE,https://www.francescocangemi.com/icphs2027/vietti/0043.wav
44,7276,D19_38BF21_1,bisogna,back,o,o,bil,f,459,1142,-0.003291569,-1.26290593,TRUE,https://www.francescocangemi.com/icphs2027/vietti/0044.wav
45,5710,D03_05SGF21_1,poi,back,ɔ,ɔ,tyr,f,608,1442,0.460666226,-0.709505198,TRUE,https://www.francescocangemi.com/icphs2027/vietti/0045.wav
46,5011,D07_13BF49_1,noi,back,o,o,tyr,f,357.5,597,-0.434585152,-2.182820949,TRUE,https://www.francescocangemi.com/icphs2027/vietti/0046.wav
47,5048,D11_21BM60_1,posti,back,ɔ,o,ita,m,324.5,762.5,-0.376613978,-1.483327468,FALSE,https://www.francescocangemi.com/icphs2027/vietti/0047.wav
48,3142,D07_14BF45_1,adesso,front,ɛ,ɛ,tyr,f,725,1909,0.864677193,0.26961739,TRUE,https://www.francescocangemi.com/icphs2027/vietti/0048.wav
49,6613,D05_09BF52_1,veramente,front,e,e,ita,f,443.5,2194.5,0.152327213,0.941743727,TRUE,https://www.francescocangemi.com/icphs2027/vietti/0049.wav
50,5569,D10_19LM18_1,dei,front,e,e,tyr,m,365,1925,-0.43145466,1.34803719,TRUE,https://www.francescocangemi.com/icphs2027/vietti/0050.wav
51,4445,D01_01BF47_1,sopra,back,o,o,ita,f,430,870.5,-0.32877301,-1.805257211,TRUE,https://www.francescocangemi.com/icphs2027/vietti/0051.wav
52,6023,D14_27BF49_1,della,front,ɛ,e,tyr,f,522,1843,0.403338641,0.628931798,FALSE,https://www.francescocangemi.com/icphs2027/vietti/0052.wav
53,4813,D07_13BF49_1,genere,front,e,ɛ,tyr,f,375.5,1967.5,-0.324113586,0.421477649,FALSE,https://www.francescocangemi.com/icphs2027/vietti/0053.wav
54,5481,D17_33TM62_1,livello,front,ɛ,ɛ,ita,m,349.5,1498.5,0.340439214,0.344403582,TRUE,https://www.francescocangemi.com/icphs2027/vietti/0054.wav
55,4889,D17_33TM62_1,questo,front,e,e,ita,m,301.5,1675,-0.251733414,0.759862088,TRUE,https://www.francescocangemi.com/icphs2027/vietti/0055.wav
56,4615,D14_27BF49_1,è,front,ɛ,ɛ,tyr,f,315.5,1959.5,-0.910467952,0.885498707,TRUE,https://www.francescocangemi.com/icphs2027/vietti/0056.wav
57,6822,D17_34TF31_1,agosto,back,o,o,bil,f,382,1001,-0.17498266,-1.627040932,TRUE,https://www.francescocangemi.com/icphs2027/vietti/0057.wav
58,6100,D17_33TM62_1,può,back,ɔ,ɔ,ita,m,403,1074,1.000464956,-0.654815318,TRUE,https://www.francescocangemi.com/icphs2027/vietti/0058.wav
59,5540,D05_10BF52_1,però,back,ɔ,ɔ,ita,f,236,869.0000001,-1.345311322,-1.800769222,TRUE,https://www.francescocangemi.com/icphs2027/vietti/0059.wav
60,5570,D14_27BF49_1,detto,front,e,e,tyr,f,404,2007,-0.347407984,0.990107533,TRUE,https://www.francescocangemi.com/icphs2027/vietti/0060.wav
61,3863,D01_02BF47_1,è,front,e,ɛ,ita,f,391,1425,-0.372531755,-0.200262564,FALSE,https://www.francescocangemi.com/icphs2027/vietti/0061.wav
62,6332,D03_05SGF21_1,è,front,ɛ,ɛ,tyr,f,769,1770,1.390285485,-0.044339014,TRUE,https://www.francescocangemi.com/icphs2027/vietti/0062.wav
63,5405,D14_27BF49_1,berlusconi,back,o,o,tyr,f,333,770.5,-0.79912841,-1.733025372,TRUE,https://www.francescocangemi.com/icphs2027/vietti/0063.wav
64,5047,D05_09BF52_1,ecco,front,ɛ,ɛ,ita,f,555.5,2009,1.060363715,0.536729764,TRUE,https://www.francescocangemi.com/icphs2027/vietti/0064.wav
65,6290,D05_10BF52_1,deve,front,e,ɛ,ita,f,423,1957.5,-0.178408616,0.630716705,FALSE,https://www.francescocangemi.com/icphs2027/vietti/0065.wav
66,5955,D03_05SGF21_1,almeno,front,e,e,tyr,f,558,2143,0.171964593,0.712084726,TRUE,https://www.francescocangemi.com/icphs2027/vietti/0066.wav
67,6646,D14_27BF49_1,è,front,ɛ,ɛ,tyr,f,448,1959,-0.067468564,0.884397562,TRUE,https://www.francescocangemi.com/icphs2027/vietti/0067.wav
68,5871,D05_10BF52_1,volte,back,ɔ,ɔ,ita,f,599,1198,0.919852754,-1.065850646,TRUE,https://www.francescocangemi.com/icphs2027/vietti/0068.wav
69,4514,D03_05SGF21_1,piuttosto,back,ɔ,ɔ,tyr,f,470,954,-0.336150281,-1.699142691,TRUE,https://www.francescocangemi.com/icphs2027/vietti/0069.wav
70,4184,D09_17BF59_1,esempio,front,ɛ,ɛ,tyr,f,512,2099,0.632448937,0.783788624,TRUE,https://www.francescocangemi.com/icphs2027/vietti/0070.wav
71,5606,D14_27BF49_1,quello,front,e,e,tyr,f,335,1842,-0.786403891,0.626729507,TRUE,https://www.francescocangemi.com/icphs2027/vietti/0071.wav
72,6469,D19_38BF21_1,decisamente,front,e,e,bil,f,441,2365.5,-0.162590308,1.24294623,TRUE,https://www.francescocangemi.com/icphs2027/vietti/0072.wav
73,6171,D03_05SGF21_1,mettere,front,ɛ,e,tyr,f,612,2138,0.483762357,0.701944998,FALSE,https://www.francescocangemi.com/icphs2027/vietti/0073.wav
74,4829,D05_10BF52_1,molto,back,o,o,ita,f,258,910,-1.208028651,-1.709183624,TRUE,https://www.francescocangemi.com/icphs2027/vietti/0074.wav
75,5995,D10_19LM18_1,voglio,back,ɔ,ɔ,tyr,m,502,1261,0.686560123,-0.717668518,TRUE,https://www.francescocangemi.com/icphs2027/vietti/0075.wav
76,4351,D07_14BF45_1,però,back,ɔ,ɔ,tyr,f,570,1085,0.167145485,-1.231425939,TRUE,https://www.francescocangemi.com/icphs2027/vietti/0076.wav
77,6520,D11_21BM60_1,conoscere,back,o,o,ita,m,223,745,-1.104216804,-1.521628684,TRUE,https://www.francescocangemi.com/icphs2027/vietti/0077.wav
78,6265,D10_19LM18_1,confronto,back,o,o,tyr,m,310,895,-0.880292711,-1.85629546,TRUE,https://www.francescocangemi.com/icphs2027/vietti/0078.wav
79,5498,D05_09BF52_1,rispondo,back,o,o,ita,f,362,1181.5,-0.508431491,-1.270003685,TRUE,https://www.francescocangemi.com/icphs2027/vietti/0079.wav
80,7147,D19_38BF21_1,solo,back,o,o,bil,f,386.5,1239,-0.64491149,-1.064240086,TRUE,https://www.francescocangemi.com/icphs2027/vietti/0080.wav
81,5367,D01_02BF47_1,sola,back,o,o,ita,f,453,1134.5,-0.015609648,-0.755764841,TRUE,https://www.francescocangemi.com/icphs2027/vietti/0081.wav
82,7556,D19_38BF21_1,stessa,front,e,e,bil,f,385,2110,-0.658186385,0.719656302,TRUE,https://www.francescocangemi.com/icphs2027/vietti/0082.wav
83,6366,D11_22BM51_1,po,back,ɔ,ɔ,ita,m,440,838,0.297612301,-1.481238548,TRUE,https://www.francescocangemi.com/icphs2027/vietti/0083.wav
84,6039,D17_34TF31_1,miei,front,ɛ,ɛ,bil,f,421.5,2429.5,0.052529125,1.173607201,TRUE,https://www.francescocangemi.com/icphs2027/vietti/0084.wav
85,6289,D11_21BM60_1,famoso,back,o,o,ita,m,255,716,-0.87482478,-1.585099269,TRUE,https://www.francescocangemi.com/icphs2027/vietti/0085.wav
86,6545,D19_38BF21_1,estroversa,front,ɛ,ɛ,bil,f,610,1794,1.333047851,0.072456235,TRUE,https://www.francescocangemi.com/icphs2027/vietti/0086.wav
87,5976,D05_09BF52_1,dei,front,e,e,ita,f,315,2433.5,-0.889482524,1.463567648,TRUE,https://www.francescocangemi.com/icphs2027/vietti/0087.wav
88,4847,D09_17BF59_1,po',back,o,ɔ,tyr,f,250,776,-0.869985277,-1.865437271,FALSE,https://www.francescocangemi.com/icphs2027/vietti/0088.wav
89,5899,D10_20LF18_1,poi,back,ɔ,ɔ,bil,f,634.5,1195.5,0.610163508,-1.193831436,TRUE,https://www.francescocangemi.com/icphs2027/vietti/0089.wav
90,6484,D11_22BM51_1,quello,front,e,e,ita,m,384,1673.5,-0.085219774,0.458949916,TRUE,https://www.francescocangemi.com/icphs2027/vietti/0090.wav
91,5751,D17_34TF31_1,però,back,ɔ,ɔ,bil,f,691,1569,1.604793078,-0.513447555,TRUE,https://www.francescocangemi.com/icphs2027/vietti/0091.wav
92,6241,D11_22BM51_1,persone,back,o,o,ita,m,231,843,-1.131171691,-1.469627606,TRUE,https://www.francescocangemi.com/icphs2027/vietti/0092.wav
93,5620,D05_10BF52_1,però,back,ɔ,ɔ,ita,f,299,938,-0.952183672,-1.646637362,TRUE,https://www.francescocangemi.com/icphs2027/vietti/0093.wav
94,4549,D11_22BM51_1,sardegna,front,e,e,ita,m,399,2039,0.017324532,1.3077098,TRUE,https://www.francescocangemi.com/icphs2027/vietti/0094.wav
95,7277,D10_20LF18_1,senza,front,ɛ,ɛ,bil,f,532,2249.5,-0.00526466,0.736896067,TRUE,https://www.francescocangemi.com/icphs2027/vietti/0095.wav
96,4088,D01_01BF47_1,potevi,front,e,e,ita,f,513,2079,0.076985832,0.712188898,TRUE,https://www.francescocangemi.com/icphs2027/vietti/0096.wav
97,6556,D17_33TM62_1,tenersi,front,e,e,ita,m,360,1811,0.469976977,1.079988756,TRUE,https://www.francescocangemi.com/icphs2027/vietti/0097.wav
98,4783,D01_01BF47_1,nodo,back,ɔ,ɔ,ita,f,613,893,0.565851906,-1.758387093,TRUE,https://www.francescocangemi.com/icphs2027/vietti/0098.wav
99,6436,D05_10BF52_1,è,front,ɛ,ɛ,ita,f,523,1624,0.445603526,-0.114253949,TRUE,https://www.francescocangemi.com/icphs2027/vietti/0099.wav
100,4971,D03_05SGF21_1,meno,front,e,e,tyr,f,582,2039,0.310541377,0.501178375,TRUE,https://www.francescocangemi.com/icphs2027/vietti/0100.wav
101,5729,D20_39BF58_1,detto,front,e,e,tyr,f,348.5,1971,-0.560282372,0.528937695,TRUE,https://www.francescocangemi.com/icphs2027/vietti/0101.wav
102,4406,D20_39BF58_1,dove,back,o,o,tyr,f,370,848,-0.424902333,-1.641021916,TRUE,https://www.francescocangemi.com/icphs2027/vietti/0102.wav
103,5214,D11_21BM60_1,ero,front,e,ɛ,ita,m,409,1618,0.229124335,0.389054797,FALSE,https://www.francescocangemi.com/icphs2027/vietti/0103.wav
104,5128,D03_05SGF21_1,solo,back,o,o,tyr,f,427,809,-0.584433686,-1.993194815,TRUE,https://www.francescocangemi.com/icphs2027/vietti/0104.wav
105,3749,D01_02BF47_1,formazione,back,ɔ,o,ita,f,393,1488.5,-0.361018138,-0.078836076,FALSE,https://www.francescocangemi.com/icphs2027/vietti/0105.wav
106,4851,D05_10BF52_1,effetti,front,ɛ,ɛ,ita,f,643.5,1818,1.197538157,0.319102294,TRUE,https://www.francescocangemi.com/icphs2027/vietti/0106.wav
107,4488,D17_34TF31_1,molto,back,o,o,bil,f,317,1176.5,-0.549369143,-1.282964105,TRUE,https://www.francescocangemi.com/icphs2027/vietti/0107.wav
108,4365,D01_01BF47_1,dei,front,e,e,ita,f,402,2117,-0.46565551,0.79134732,TRUE,https://www.francescocangemi.com/icphs2027/vietti/0108.wav
109,6183,D19_38BF21_1,possono,back,ɔ,ɔ,bil,f,482,1283,0.200256819,-0.974123621,TRUE,https://www.francescocangemi.com/icphs2027/vietti/0109.wav
110,6878,D05_09BF52_1,percorso,back,o,o,ita,f,444,1156,0.156380948,-1.325679459,TRUE,https://www.francescocangemi.com/icphs2027/vietti/0110.wav
111,5047,D10_19LM18_1,discoteca,front,ɛ,ɛ,tyr,m,538,1707.5,0.980345029,0.671394131,TRUE,https://www.francescocangemi.com/icphs2027/vietti/0111.wav
112,6145,D19_38BF21_1,entri,front,e,e,bil,f,375.5,2458.5,-0.742260719,1.433419668,TRUE,https://www.francescocangemi.com/icphs2027/vietti/0112.wav
113,7139,D11_21BM60_1,perché,front,e,e,ita,m,350,1964,-0.193817209,1.146324538,TRUE,https://www.francescocangemi.com/icphs2027/vietti/0113.wav
114,4883,D20_39BF58_1,ancora,back,o,o,tyr,f,346.5,901.5,-0.572875864,-1.537644499,TRUE,https://www.francescocangemi.com/icphs2027/vietti/0114.wav
115,6493,D11_21BM60_1,devi,front,e,ɛ,ita,m,358,1875,-0.136469203,0.9515355,FALSE,https://www.francescocangemi.com/icphs2027/vietti/0115.wav
116,4247,D03_05SGF21_1,dicendo,front,ɛ,ɛ,tyr,f,442.5,2078,-0.494936179,0.580268257,TRUE,https://www.francescocangemi.com/icphs2027/vietti/0116.wav
117,6366,D11_21BM60_1,penso,front,e,ɛ,ita,m,341.5,1743.5,-0.254749465,0.663729226,FALSE,https://www.francescocangemi.com/icphs2027/vietti/0117.wav
118,6134,D01_01BF47_1,ginocchia,back,ɔ,ɔ,ita,f,927,977,2.100891378,-1.58340532,TRUE,https://www.francescocangemi.com/icphs2027/vietti/0118.wav
119,5330,D05_09BF52_1,cosa,back,ɔ,ɔ,ita,f,492,1181,0.545539448,-1.271095367,TRUE,https://www.francescocangemi.com/icphs2027/vietti/0119.wav
120,5977,D11_21BM60_1,calasetta,front,e,e,ita,m,308,1758,-0.494894241,0.695464519,TRUE,https://www.francescocangemi.com/icphs2027/vietti/0120.wav
121,5870,D10_19LM18_1,ancora,back,o,o,tyr,m,434,1096.5,0.131633077,-1.229428441,TRUE,https://www.francescocangemi.com/icphs2027/vietti/0121.wav
122,4932,D01_01BF47_1,forse,back,o,o,ita,f,364,892,-0.651424619,-1.760470209,TRUE,https://www.francescocangemi.com/icphs2027/vietti/0122.wav
123,4580,D10_19LM18_1,vuol,back,ɔ,ɔ,tyr,m,463,1241.5,0.368293141,-0.778333068,TRUE,https://www.francescocangemi.com/icphs2027/vietti/0123.wav
124,6407,D10_20LF18_1,discoteca,front,ɛ,ɛ,bil,f,734,2063,1.207579144,0.395263544,TRUE,https://www.francescocangemi.com/icphs2027/vietti/0124.wav
125,3793,D09_17BF59_1,ho,back,o,ɔ,tyr,f,319,977,-0.474306037,-1.462947169,FALSE,https://www.francescocangemi.com/icphs2027/vietti/0125.wav
126,5424,D11_21BM60_1,zona,back,ɔ,o,ita,m,288,878,-0.638264255,-1.230539448,FALSE,https://www.francescocangemi.com/icphs2027/vietti/0126.wav
127,3928,D07_14BF45_1,dovrebbero,front,ɛ,ɛ,tyr,f,514.5,1833,-0.082615869,0.131171646,TRUE,https://www.francescocangemi.com/icphs2027/vietti/0127.wav
128,5263,D17_33TM62_1,dei,front,e,e,ita,m,279,2143,-0.529314333,1.861474445,TRUE,https://www.francescocangemi.com/icphs2027/vietti/0128.wav
129,3939,D20_39BF58_1,allora,back,ɔ,o,tyr,f,449,1377,0.0725406,-0.618841476,FALSE,https://www.francescocangemi.com/icphs2027/vietti/0129.wav
130,4160,D05_10BF52_1,invece,front,e,e,ita,f,505,2094,0.33328134,0.935629731,TRUE,https://www.francescocangemi.com/icphs2027/vietti/0130.wav
131,5913,D11_21BM60_1,carloforte,back,ɔ,ɔ,ita,m,533.5000001,407.9999999,1.121602679,-2.259200657,TRUE,https://www.francescocangemi.com/icphs2027/vietti/0131.wav
132,5338,D09_17BF59_1,perché,front,e,e,tyr,f,397,2429,-0.027016462,1.444593269,TRUE,https://www.francescocangemi.com/icphs2027/vietti/0132.wav
133,4438,D09_17BF59_1,persone,back,o,o,tyr,f,282,704,-0.686481861,-2.00961283,TRUE,https://www.francescocangemi.com/icphs2027/vietti/0133.wav
134,4291,D01_01BF47_1,elena,front,ɛ,ɛ,ita,f,674,1943,0.864060211,0.428885075,TRUE,https://www.francescocangemi.com/icphs2027/vietti/0134.wav
135,6745,D05_09BF52_1,molto,back,o,o,ita,f,451,1265.5,0.213133229,-1.086601135,TRUE,https://www.francescocangemi.com/icphs2027/vietti/0135.wav
136,5685,D09_17BF59_1,scuola,back,ɔ,ɔ,tyr,f,492,911,0.517759303,-1.595108098,TRUE,https://www.francescocangemi.com/icphs2027/vietti/0136.wav
137,4479,D11_22BM51_1,adesso,front,ɛ,ɛ,ita,m,428,1514,0.215576856,0.088560855,TRUE,https://www.francescocangemi.com/icphs2027/vietti/0137.wav
138,4995,D03_05SGF21_1,scuola,back,ɔ,ɔ,tyr,f,576,1098,0.275897181,-1.407118513,TRUE,https://www.francescocangemi.com/icphs2027/vietti/0138.wav
139,5538,D09_17BF59_1,quest,front,e,e,tyr,f,226,1958,-1.007612839,0.501444821,TRUE,https://www.francescocangemi.com/icphs2027/vietti/0139.wav
140,4646,D10_19LM18_1,verso,front,ɛ,ɛ,tyr,m,536,1413,0.964023645,-0.244796127,TRUE,https://www.francescocangemi.com/icphs2027/vietti/0140.wav
141,8397,D10_20LF18_1,adesso,front,ɛ,ɛ,bil,f,670,1961,0.823311801,0.208418947,TRUE,https://www.francescocangemi.com/icphs2027/vietti/0141.wav
142,7322,D11_21BM60_1,delle,front,e,e,ita,m,392.5,1833.5,0.110844073,0.860706904,TRUE,https://www.francescocangemi.com/icphs2027/vietti/0142.wav
143,4849,D07_13BF49_1,però,back,ɔ,ɔ,tyr,f,568,1141.5,0.857318434,-1.148132451,TRUE,https://www.francescocangemi.com/icphs2027/vietti/0143.wav
144,4029,D20_39BF58_1,voi,back,o,o,tyr,f,366,820,-0.450089317,-1.695125985,TRUE,https://www.francescocangemi.com/icphs2027/vietti/0144.wav
145,4787,D17_33TM62_1,secondo,back,o,o,ita,m,336,944,0.173890663,-0.96081875,TRUE,https://www.francescocangemi.com/icphs2027/vietti/0145.wav
146,7844,D11_21BM60_1,purtroppo,back,ɔ,ɔ,ita,m,389.5,774.5,0.08933857,-1.457063778,TRUE,https://www.francescocangemi.com/icphs2027/vietti/0146.wav
147,5117,D20_39BF58_1,ho,back,ɔ,ɔ,tyr,f,432.5,1551,-0.031355709,-0.282623335,TRUE,https://www.francescocangemi.com/icphs2027/vietti/0147.wav
148,7248,D19_38BF21_1,sono,back,o,o,bil,f,385,1449,-0.658186385,-0.634138776,TRUE,https://www.francescocangemi.com/icphs2027/vietti/0148.wav
149,5163,D07_13BF49_1,cerca,front,e,e,tyr,f,522,2206,0.575002211,0.874688313,TRUE,https://www.francescocangemi.com/icphs2027/vietti/0149.wav
150,5802,D01_01BF47_1,troppo,back,ɔ,ɔ,ita,f,831,1902,1.631579947,0.343477304,TRUE,https://www.francescocangemi.com/icphs2027/vietti/0150.wav
151,4669,D10_19LM18_1,è,front,ɛ,ɛ,tyr,m,493,1344,0.613113896,-0.459455305,TRUE,https://www.francescocangemi.com/icphs2027/vietti/0151.wav
152,4479,D17_33TM62_1,perché,front,e,e,ita,m,288.5,1705.5,-0.412113501,0.831655201,TRUE,https://www.francescocangemi.com/icphs2027/vietti/0152.wav
153,6015,D01_02BF47_1,sera,front,e,e,ita,f,440.5,2410.5,-0.08756975,1.684238276,TRUE,https://www.francescocangemi.com/icphs2027/vietti/0153.wav
154,5812,D01_01BF47_1,poi,back,ɔ,ɔ,ita,f,493,1271,-0.020787383,-0.970969113,TRUE,https://www.francescocangemi.com/icphs2027/vietti/0154.wav
155,7444,D10_20LF18_1,po,back,ɔ,ɔ,bil,f,455,723,-0.467586308,-2.059361554,TRUE,https://www.francescocangemi.com/icphs2027/vietti/0155.wav
156,5452,D01_02BF47_1,riesco,front,ɛ,ɛ,ita,f,666.5,1730.5,1.213468899,0.383923135,TRUE,https://www.francescocangemi.com/icphs2027/vietti/0156.wav
157,3154,D07_14BF45_1,TRUE,front,e,e,tyr,f,497,2139,-0.161369449,0.68859793,TRUE,https://www.francescocangemi.com/icphs2027/vietti/0157.wav
158,5458,D11_22BM51_1,come,back,o,o,ita,m,291.5,746.5,-0.717576325,-1.693718793,TRUE,https://www.francescocangemi.com/icphs2027/vietti/0158.wav
159,3627,D09_17BF59_1,è,front,ɛ,ɛ,tyr,f,664,1998,1.504090161,0.581542354,TRUE,https://www.francescocangemi.com/icphs2027/vietti/0159.wav
160,4935,D17_33TM62_1,diventi,front,e,ɛ,ita,m,303,1580.5,-0.233228019,0.537421132,FALSE,https://www.francescocangemi.com/icphs2027/vietti/0160.wav
161,5049,D19_37BM24_1,solito,back,ɔ,ɔ,bil,m,335,977,-0.232747703,-1.269919808,TRUE,https://www.francescocangemi.com/icphs2027/vietti/0161.wav
162,6138,D05_09BF52_1,vedere,front,e,e,ita,f,420.5,2105.5,-0.034144569,0.74742436,TRUE,https://www.francescocangemi.com/icphs2027/vietti/0162.wav
163,4177,D03_05SGF21_1,scuole,back,o,ɔ,tyr,f,340,1009,-1.086774527,-1.587605679,FALSE,https://www.francescocangemi.com/icphs2027/vietti/0163.wav
164,5318,D01_01BF47_1,è,front,ɛ,ɛ,ita,f,845,2196.5,1.700021197,0.95695507,TRUE,https://www.francescocangemi.com/icphs2027/vietti/0164.wav
165,5943,D10_20LF18_1,quelle,front,e,e,bil,f,485,1829,-0.287460991,-0.033379943,TRUE,https://www.francescocangemi.com/icphs2027/vietti/0165.wav
166,6069,D20_39BF58_1,colori,back,o,o,tyr,f,342.5,743.5,-0.598062848,-1.84294603,TRUE,https://www.francescocangemi.com/icphs2027/vietti/0166.wav
167,6581,D17_33TM62_1,vedo,front,e,e,ita,m,334,1656,0.149216803,0.71513851,TRUE,https://www.francescocangemi.com/icphs2027/vietti/0167.wav
168,7083,D17_34TF31_1,verona,back,o,o,bil,f,253.5,911,-0.915115937,-1.803490587,TRUE,https://www.francescocangemi.com/icphs2027/vietti/0168.wav
169,5928,D20_39BF58_1,erano,front,ɛ,ɛ,tyr,f,517,2154,0.500719327,0.882546429,TRUE,https://www.francescocangemi.com/icphs2027/vietti/0169.wav
170,5875,D11_21BM60_1,carloforte,back,ɔ,ɔ,ita,m,323,732,-0.387366729,-1.550081015,TRUE,https://www.francescocangemi.com/icphs2027/vietti/0170.wav
171,6463,D05_10BF52_1,noi,back,o,o,ita,f,287,1495,-1.027065129,-0.402413512,TRUE,https://www.francescocangemi.com/icphs2027/vietti/0171.wav
172,5348,D11_21BM60_1,sardegna,front,e,e,ita,m,388.5,1787.5,0.08217007,0.760029424,TRUE,https://www.francescocangemi.com/icphs2027/vietti/0172.wav
173,5153,D03_05SGF21_1,scuola,back,ɔ,ɔ,tyr,f,563.5,1045.5,0.203721773,-1.513585661,TRUE,https://www.francescocangemi.com/icphs2027/vietti/0173.wav
174,6060,D11_21BM60_1,logico,back,ɔ,ɔ,ita,m,377,885,-2.68E-04,-1.215218962,TRUE,https://www.francescocangemi.com/icphs2027/vietti/0174.wav
175,4354,D10_19LM18_1,posso,back,o,ɔ,tyr,m,449,1267,0.254043455,-0.699002503,FALSE,https://www.francescocangemi.com/icphs2027/vietti/0175.wav
176,4763,D07_13BF49_1,volta,back,ɔ,ɔ,tyr,f,591.5,1374.5,1.0015452,-0.705373186,TRUE,https://www.francescocangemi.com/icphs2027/vietti/0176.wav
177,5254,D19_38BF21_1,scelta,front,ɛ,e,bil,f,573,1822,1.005600443,0.129803076,FALSE,https://www.francescocangemi.com/icphs2027/vietti/0177.wav
178,6413,D11_22BM51_1,poi,back,ɔ,ɔ,ita,m,505,1063,0.741970958,-0.958746143,TRUE,https://www.francescocangemi.com/icphs2027/vietti/0178.wav
179,5190,D01_02BF47_1,firenze,front,ɛ,ɛ,ita,f,402,2042,-0.309206865,0.979582204,TRUE,https://www.francescocangemi.com/icphs2027/vietti/0179.wav
180,4726,D05_09BF52_1,veramente,front,e,e,ita,f,387.5,2460,-0.301691038,1.521426786,TRUE,https://www.francescocangemi.com/icphs2027/vietti/0180.wav
181,4969,D05_10BF52_1,virgolette,front,e,e,ita,f,473,1795,0.133597455,0.267725007,TRUE,https://www.francescocangemi.com/icphs2027/vietti/0181.wav
182,3945,D07_14BF45_1,questo,front,e,e,tyr,f,338,2212,-0.876901976,0.821578711,TRUE,https://www.francescocangemi.com/icphs2027/vietti/0182.wav
183,5315,D05_10BF52_1,riescono,front,e,ɛ,ita,f,472,1898,0.127357333,0.497805899,FALSE,https://www.francescocangemi.com/icphs2027/vietti/0183.wav
184,4692,D09_17BF59_1,diverse,front,ɛ,ɛ,tyr,f,704,1797,1.73346943,0.179052252,TRUE,https://www.francescocangemi.com/icphs2027/vietti/0184.wav
185,4729,D05_10BF52_1,molto,back,o,o,ita,f,569,1458,0.732649111,-0.485063929,TRUE,https://www.francescocangemi.com/icphs2027/vietti/0185.wav
186,4166,D07_13BF49_1,livello,front,ɛ,ɛ,tyr,f,665,2013,1.452637425,0.507939222,TRUE,https://www.francescocangemi.com/icphs2027/vietti/0186.wav
187,6922,D17_34TF31_1,è,front,ɛ,ɛ,bil,f,275.5,2019,-0.788400512,0.36880072,TRUE,https://www.francescocangemi.com/icphs2027/vietti/0187.wav
188,4861,D09_17BF59_1,solito,back,ɔ,ɔ,tyr,f,503,1077,0.580838602,-1.262703337,TRUE,https://www.francescocangemi.com/icphs2027/vietti/0188.wav
189,5912,D20_39BF58_1,poco,back,o,ɔ,tyr,f,375,774.5,-0.393418603,-1.783045096,FALSE,https://www.francescocangemi.com/icphs2027/vietti/0189.wav
190,4034,D05_10BF52_1,loro,back,o,o,ita,f,407,1059,-0.278250559,-1.37634816,TRUE,https://www.francescocangemi.com/icphs2027/vietti/0190.wav
191,7222,D19_38BF21_1,diverse,front,ɛ,ɛ,bil,f,680,1851,1.952542947,0.189198019,TRUE,https://www.francescocangemi.com/icphs2027/vietti/0191.wav
192,6159,D10_19LM18_1,perché,front,e,e,tyr,m,309.5,1792.5,-0.884373057,0.935829349,TRUE,https://www.francescocangemi.com/icphs2027/vietti/0192.wav
193,5346,D01_01BF47_1,è,front,ɛ,ɛ,ita,f,484,1863,-0.06478533,0.262235767,TRUE,https://www.francescocangemi.com/icphs2027/vietti/0193.wav
194,4342,D11_22BM51_1,meglio,front,ɛ,ɛ,ita,m,609,1673,1.452944811,0.457788821,TRUE,https://www.francescocangemi.com/icphs2027/vietti/0194.wav
195,6029,D19_38BF21_1,giorno,back,o,o,bil,f,431,1281,-0.251089608,-0.978219824,TRUE,https://www.francescocangemi.com/icphs2027/vietti/0195.wav
196,7824,D19_38BF21_1,averlo,front,e,e,bil,f,435,2204,-0.215689888,0.912177841,TRUE,https://www.francescocangemi.com/icphs2027/vietti/0196.wav
197,7594,D11_21BM60_1,direi,front,ɛ,ɛ,ita,m,449.5,1758,0.519448615,0.695464519,TRUE,https://www.francescocangemi.com/icphs2027/vietti/0197.wav
198,7785,D10_20LF18_1,specie,front,ɛ,ɛ,bil,f,597.5,1874,0.38800895,0.049051497,TRUE,https://www.francescocangemi.com/icphs2027/vietti/0198.wav
199,4526,D14_27BF49_1,quelli,front,e,e,tyr,f,364,1519,-0.601898365,-0.084610508,TRUE,https://www.francescocangemi.com/icphs2027/vietti/0199.wav
200,5501,D01_02BF47_1,poi,back,ɔ,ɔ,ita,f,360,889,-0.550992808,-1.225216851,TRUE,https://www.francescocangemi.com/icphs2027/vietti/0200.wav
201,6194,D05_10BF52_1,virgolette,front,e,e,ita,f,404,1952,-0.296970923,0.618430832,TRUE,https://www.francescocangemi.com/icphs2027/vietti/0201.wav
202,4521,D05_10BF52_1,paziente,front,e,ɛ,ita,f,455.5,2292.5,0.02439533,1.379038051,FALSE,https://www.francescocangemi.com/icphs2027/vietti/0202.wav
203,4994,D10_19LM18_1,secondo,back,o,o,tyr,m,283.5,996,-1.096551045,-1.5420842,TRUE,https://www.francescocangemi.com/icphs2027/vietti/0203.wav
204,5022,D03_05SGF21_1,scelto,front,e,e,tyr,f,418.5,1697,-0.633512963,-0.192379049,TRUE,https://www.francescocangemi.com/icphs2027/vietti/0204.wav
205,4883,D05_10BF52_1,modo,back,ɔ,ɔ,ita,f,307,1086.5,-0.902262701,-1.314918795,TRUE,https://www.francescocangemi.com/icphs2027/vietti/0205.wav
206,4675,D10_19LM18_1,idea,front,ɛ,ɛ,tyr,m,513,1762,0.776327733,0.840943771,TRUE,https://www.francescocangemi.com/icphs2027/vietti/0206.wav
207,5986,D05_09BF52_1,dei,front,e,e,ita,f,374,2227,-0.411141866,1.012703047,TRUE,https://www.francescocangemi.com/icphs2027/vietti/0207.wav
208,5582,D05_09BF52_1,corso,back,o,o,ita,f,409,1024,-0.127380459,-1.613883465,TRUE,https://www.francescocangemi.com/icphs2027/vietti/0208.wav
209,4332,D09_17BF59_1,ho,back,o,ɔ,tyr,f,391,1529,-0.061423352,-0.357601217,FALSE,https://www.francescocangemi.com/icphs2027/vietti/0209.wav
210,6795,D14_27BF49_1,lega,front,e,e,tyr,f,414,2362,-0.283785388,1.771920862,TRUE,https://www.francescocangemi.com/icphs2027/vietti/0210.wav
211,5663,D20_39BF58_1,però,back,ɔ,ɔ,tyr,f,478,1013,0.255146234,-1.322194369,TRUE,https://www.francescocangemi.com/icphs2027/vietti/0211.wav
212,4565,D20_39BF58_1,loro,back,o,o,tyr,f,391,1128,-0.292670667,-1.099981229,TRUE,https://www.francescocangemi.com/icphs2027/vietti/0212.wav
213,5849,D17_34TF31_1,scegliendo,front,e,ɛ,bil,f,346,2584,-0.382335174,1.476512442,FALSE,https://www.francescocangemi.com/icphs2027/vietti/0213.wav
214,6339,D11_22BM51_1,forse,back,o,o,ita,m,417,1004,0.140377699,-1.095755262,TRUE,https://www.francescocangemi.com/icphs2027/vietti/0214.wav
215,4926,D07_13BF49_1,ritorna,back,o,o,tyr,f,351,688.5,-0.474477662,-2.008947676,TRUE,https://www.francescocangemi.com/icphs2027/vietti/0215.wav
216,4877,D01_02BF47_1,avevo,front,e,e,ita,f,362.5,1870,-0.536600788,0.650678962,TRUE,https://www.francescocangemi.com/icphs2027/vietti/0216.wav
217,6034,D19_38BF21_1,sei,front,ɛ,ɛ,bil,f,573,2022,1.005600443,0.539423372,TRUE,https://www.francescocangemi.com/icphs2027/vietti/0217.wav
218,6425,D19_38BF21_1,molto,back,o,o,bil,f,366.5,824,-0.821910089,-1.9142022,TRUE,https://www.francescocangemi.com/icphs2027/vietti/0218.wav
219,3566,D07_14BF45_1,delle,front,e,e,tyr,f,362,2412.5,-0.768897066,1.186820443,TRUE,https://www.francescocangemi.com/icphs2027/vietti/0219.wav
220,5786,D05_10BF52_1,è,front,ɛ,ɛ,ita,f,625.5,1492.5,1.085215971,-0.407998,TRUE,https://www.francescocangemi.com/icphs2027/vietti/0220.wav
221,5003,D01_02BF47_1,quella,front,e,e,ita,f,402.5,1735,-0.306328461,0.392528162,TRUE,https://www.francescocangemi.com/icphs2027/vietti/0221.wav
222,5436,D03_05SGF21_1,scuole,back,ɔ,ɔ,tyr,f,675.5,1296.5,0.850413431,-1.004571295,TRUE,https://www.francescocangemi.com/icphs2027/vietti/0222.wav
223,6868,D19_37BM24_1,svolgeva,front,e,e,bil,m,302.5,1822.5,-0.448651339,0.664603255,TRUE,https://www.francescocangemi.com/icphs2027/vietti/0223.wav
224,6865,D05_09BF52_1,adesso,front,e,ɛ,ita,f,406,1693,-0.151702866,-0.15321316,FALSE,https://www.francescocangemi.com/icphs2027/vietti/0224.wav
225,5984,D20_39BF58_1,ecco,front,ɛ,ɛ,tyr,f,509.5,2055,0.453493732,0.69124990100000006,TRUE,https://www.francescocangemi.com/icphs2027/vietti/0225.wav
226,6539,D11_21BM60_1,conoscere,back,o,o,ita,m,239,767,-0.989520792,-1.473478584,TRUE,https://www.francescocangemi.com/icphs2027/vietti/0226.wav
227,6833,D10_20LF18_1,voglia,back,ɔ,ɔ,bil,f,660,1442,0.763270028,-0.742290326,TRUE,https://www.francescocangemi.com/icphs2027/vietti/0227.wav
228,5538,D20_39BF58_1,trenta,front,e,e,tyr,f,319.5,2616.5,-0.742888005,1.776229706,TRUE,https://www.francescocangemi.com/icphs2027/vietti/0228.wav
229,6410,D14_27BF49_1,elezioni,back,ɔ,o,tyr,f,388,1056,-0.449204136,-1.104271272,FALSE,https://www.francescocangemi.com/icphs2027/vietti/0229.wav
230,6520,D10_20LF18_1,cosa,back,ɔ,ɔ,bil,f,471,1477,-0.371519472,-0.678176984,TRUE,https://www.francescocangemi.com/icphs2027/vietti/0230.wav
231,5064,D01_02BF47_1,nera,front,e,e,ita,f,403.5,2234,-0.300571652,1.346730008,TRUE,https://www.francescocangemi.com/icphs2027/vietti/0231.wav
232,5516,D05_10BF52_1,secondo,back,o,o,ita,f,336.5,1212.5,-0.718179119,-1.033460617,TRUE,https://www.francescocangemi.com/icphs2027/vietti/0232.wav
233,5715,D01_01BF47_1,candela,front,e,e,ita,f,361,2522,-0.666090601,1.635009442,TRUE,https://www.francescocangemi.com/icphs2027/vietti/0233.wav
234,6723,D03_05SGF21_1,né,front,e,e,tyr,f,535,2313,0.039161842,1.056835492,TRUE,https://www.francescocangemi.com/icphs2027/vietti/0234.wav
235,5023,D01_01BF47_1,ho,back,ɔ,ɔ,ita,f,503,1677,0.028099224,-0.125223874,TRUE,https://www.francescocangemi.com/icphs2027/vietti/0235.wav
236,6104,D11_21BM60_1,è,front,ɛ,ɛ,ita,m,500,1716,0.881457903,0.603541602,TRUE,https://www.francescocangemi.com/icphs2027/vietti/0236.wav
237,4901,D03_05SGF21_1,essendo,front,e,ɛ,tyr,f,469,1889,-0.341924314,0.196986522,FALSE,https://www.francescocangemi.com/icphs2027/vietti/0237.wav
238,4223,D07_14BF45_1,ho,back,o,ɔ,tyr,f,428,1219,-0.471883564,-0.987324233,FALSE,https://www.francescocangemi.com/icphs2027/vietti/0238.wav
239,5006,D14_27BF49_1,ricordo,back,ɔ,ɔ,tyr,f,570,1151,0.708727098,-0.895053621,TRUE,https://www.francescocangemi.com/icphs2027/vietti/0239.wav
240,5086,D19_37BM24_1,scuole,back,ɔ,ɔ,bil,m,637.5,1030.5,1.776816917,-1.147510601,TRUE,https://www.francescocangemi.com/icphs2027/vietti/0240.wav
241,4621,D09_17BF59_1,erano,front,ɛ,ɛ,tyr,f,572.5,1720,0.979385082,0.024864501,TRUE,https://www.francescocangemi.com/icphs2027/vietti/0241.wav
242,5453,D14_27BF49_1,avesse,front,ɛ,e,tyr,f,468.5,2008.5,0.062957756,0.993410969,FALSE,https://www.francescocangemi.com/icphs2027/vietti/0242.wav
243,4813,D20_39BF58_1,ho,back,o,ɔ,tyr,f,320,1221,-0.739739632,-0.92027843,FALSE,https://www.francescocangemi.com/icphs2027/vietti/0243.wav
244,5643,D10_20LF18_1,devono,front,ɛ,ɛ,bil,f,497,2162,-0.215410864,0.576612712,TRUE,https://www.francescocangemi.com/icphs2027/vietti/0244.wav
245,4272,D09_17BF59_1,po',back,o,ɔ,tyr,f,159.5,1056,-1.388955874,-1.304754542,FALSE,https://www.francescocangemi.com/icphs2027/vietti/0245.wav
246,6108,D11_21BM60_1,molto,back,o,o,ita,m,294,852,-0.595253251,-1.28744411,TRUE,https://www.francescocangemi.com/icphs2027/vietti/0246.wav
247,6149,D17_34TF31_1,loro,back,o,o,bil,f,365.5,885.5,-0.270019229,-1.853484656,TRUE,https://www.francescocangemi.com/icphs2027/vietti/0247.wav
248,5395,D17_34TF31_1,questione,back,o,o,bil,f,491,1937,0.452834671,0.208035478,TRUE,https://www.francescocangemi.com/icphs2027/vietti/0248.wav
249,7564,D19_38BF21_1,solo,back,o,o,bil,f,387,986,-0.640486525,-1.58240976,TRUE,https://www.francescocangemi.com/icphs2027/vietti/0249.wav
250,5528,D01_02BF47_1,devo,front,e,ɛ,ita,f,427,1417,-0.16528666,-0.215560389,FALSE,https://www.francescocangemi.com/icphs2027/vietti/0250.wav
251,6827,D11_21BM60_1,certo,front,ɛ,ɛ,ita,m,552,1473,1.254219942,0.07170187,TRUE,https://www.francescocangemi.com/icphs2027/vietti/0251.wav
252,5813,D19_37BM24_1,materie,front,ɛ,ɛ,bil,m,479,1920,0.723871488,0.887685453,TRUE,https://www.francescocangemi.com/icphs2027/vietti/0252.wav
253,5119,D20_39BF58_1,detto,front,e,e,tyr,f,370,1889,-0.424902333,0.370490065,TRUE,https://www.francescocangemi.com/icphs2027/vietti/0253.wav
254,5151,D09_17BF59_1,storie,back,ɔ,ɔ,tyr,f,536,1129,0.770076499,-1.158576545,TRUE,https://www.francescocangemi.com/icphs2027/vietti/0254.wav
255,8390,D10_20LF18_1,esempio,front,e,ɛ,bil,f,387,2318,-0.875870361,0.862375037,FALSE,https://www.francescocangemi.com/icphs2027/vietti/0255.wav
256,5621,D20_39BF58_1,negli,front,e,e,tyr,f,338,2317,-0.626398205,1.197509401,TRUE,https://www.francescocangemi.com/icphs2027/vietti/0256.wav
257,6386,D05_10BF52_1,talmente,front,ɛ,e,ita,f,551,2028.5,0.620326926,0.789316154,FALSE,https://www.francescocangemi.com/icphs2027/vietti/0257.wav
258,5007,D05_09BF52_1,come,back,o,o,ita,f,331.5,1425.5,-0.755709289,-0.737262946,TRUE,https://www.francescocangemi.com/icphs2027/vietti/0258.wav
259,5623,D03_05SGF21_1,degli,front,e,e,tyr,f,412.5,1783,-0.668157159,-0.01797572,TRUE,https://www.francescocangemi.com/icphs2027/vietti/0259.wav
260,5633,D19_38BF21_1,cambiamento,front,e,e,bil,f,360.5,2534,-0.875009668,1.588051329,TRUE,https://www.francescocangemi.com/icphs2027/vietti/0260.wav
261,5261,D19_38BF21_1,po,back,ɔ,ɔ,bil,f,494,1059,0.306455978,-1.432898353,TRUE,https://www.francescocangemi.com/icphs2027/vietti/0261.wav
262,6143,D17_34TF31_1,meglio,front,ɛ,ɛ,bil,f,643,2063,1.328323061,0.45506499500000003,TRUE,https://www.francescocangemi.com/icphs2027/vietti/0262.wav
263,7808,D19_38BF21_1,oggi,back,ɔ,ɔ,bil,f,519.5,1123,0.532129192,-1.301819858,TRUE,https://www.francescocangemi.com/icphs2027/vietti/0263.wav
264,5633,D05_10BF52_1,è,front,ɛ,ɛ,ita,f,597,1865,0.907372511,0.424090661,TRUE,https://www.francescocangemi.com/icphs2027/vietti/0264.wav
265,5842,D10_19LM18_1,sei,front,e,ɛ,tyr,m,475,1636,0.466221443,0.448957447,FALSE,https://www.francescocangemi.com/icphs2027/vietti/0265.wav
266,5282,D20_39BF58_1,perciò,back,ɔ,ɔ,tyr,f,545.5,1172.5,0.680176588,-1.013994406,TRUE,https://www.francescocangemi.com/icphs2027/vietti/0266.wav
267,6315,D17_33TM62_1,commercio,front,ɛ,ɛ,ita,m,415,1556,1.148508113,0.479751254,TRUE,https://www.francescocangemi.com/icphs2027/vietti/0267.wav
268,5525,D11_21BM60_1,proprio,back,o,ɔ,ita,m,218,692,-1.140059308,-1.63762665,FALSE,https://www.francescocangemi.com/icphs2027/vietti/0268.wav
269,7789,D11_21BM60_1,senza,front,e,ɛ,ita,m,286,1706,-0.652601257,0.581655193,FALSE,https://www.francescocangemi.com/icphs2027/vietti/0269.wav
270,7219,D10_20LF18_1,spengono,front,e,e,bil,f,514,2422,-0.11333985,1.052883253,TRUE,https://www.francescocangemi.com/icphs2027/vietti/0270.wav
271,6725,D17_33TM62_1,dove,back,o,o,ita,m,307.5,796.5,-0.177711835,-1.308014952,TRUE,https://www.francescocangemi.com/icphs2027/vietti/0271.wav
272,5488,D17_33TM62_1,economico,back,ɔ,ɔ,ita,m,372,810,0.618020134,-1.276237673,TRUE,https://www.francescocangemi.com/icphs2027/vietti/0272.wav
273,4488,D14_27BF49_1,bello,front,ɛ,ɛ,tyr,f,768,1691,1.968454485,0.294183556,TRUE,https://www.francescocangemi.com/icphs2027/vietti/0273.wav
274,4728,D17_33TM62_1,disposti,back,o,o,ita,m,294,553,-0.344260387,-1.88118292,TRUE,https://www.francescocangemi.com/icphs2027/vietti/0274.wav
275,7583,D19_38BF21_1,valore,back,o,o,bil,f,367.5,1206,-0.813060159,-1.131827435,TRUE,https://www.francescocangemi.com/icphs2027/vietti/0275.wav
276,5686,D14_27BF49_1,stesso,front,e,e,tyr,f,323,2087,-0.862751005,1.166290818,TRUE,https://www.francescocangemi.com/icphs2027/vietti/0276.wav
277,5418,D05_09BF52_1,è,front,ɛ,ɛ,ita,f,299,2158.5,-1.019202024,0.863142635,TRUE,https://www.francescocangemi.com/icphs2027/vietti/0277.wav
278,6719,D10_20LF18_1,stessa,front,e,e,bil,f,433.5,1943.5,-0.596676119,0.176362276,TRUE,https://www.francescocangemi.com/icphs2027/vietti/0278.wav
279,5036,D11_21BM60_1,perché,front,e,e,ita,m,364,1886,-0.093458199,0.97561055,TRUE,https://www.francescocangemi.com/icphs2027/vietti/0279.wav
280,7313,D10_20LF18_1,quelle,front,e,e,bil,f,521,2354,-0.07131061,0.928320189,TRUE,https://www.francescocangemi.com/icphs2027/vietti/0280.wav
281,4462,D20_39BF58_1,puoi,back,ɔ,ɔ,tyr,f,501.5,1317.5,0.403119764,-0.733812622,TRUE,https://www.francescocangemi.com/icphs2027/vietti/0281.wav
282,4138,D07_14BF45_1,è,front,ɛ,ɛ,tyr,f,639.5,2132.5,0.479909703,0.676757176,TRUE,https://www.francescocangemi.com/icphs2027/vietti/0282.wav
283,5559,D19_38BF21_1,è,front,ɛ,ɛ,bil,f,499,2063,0.350705628,0.623395533,TRUE,https://www.francescocangemi.com/icphs2027/vietti/0283.wav
284,4763,D10_19LM18_1,idea,front,e,ɛ,tyr,m,434,1831,0.131633077,1.055602948,FALSE,https://www.francescocangemi.com/icphs2027/vietti/0284.wav
285,5354,D19_38BF21_1,sistema,front,ɛ,ɛ,bil,f,557,2083,0.864001564,0.664357562,TRUE,https://www.francescocangemi.com/icphs2027/vietti/0285.wav
286,6762,D11_22BM51_1,spesso,front,e,e,ita,m,360.5,1991.5,-0.245872519,1.197405848,TRUE,https://www.francescocangemi.com/icphs2027/vietti/0286.wav
287,4911,D17_34TF31_1,separazione,back,o,o,bil,f,246.5,1054.5,-0.955434481,-1.522151415,TRUE,https://www.francescocangemi.com/icphs2027/vietti/0287.wav
288,6081,D17_34TF31_1,dopo,back,ɔ,o,bil,f,522,1606,0.631388224,-0.440907141,FALSE,https://www.francescocangemi.com/icphs2027/vietti/0288.wav
289,4842,D10_19LM18_1,vuoi,back,ɔ,ɔ,tyr,m,545,1103,1.037469872,-1.209206925,TRUE,https://www.francescocangemi.com/icphs2027/vietti/0289.wav
290,7644,D11_21BM60_1,rispetto,front,ɛ,ɛ,ita,m,522.5,1651.5,1.04274917,0.462374266,TRUE,https://www.francescocangemi.com/icphs2027/vietti/0290.wav
291,4443,D03_05SGF21_1,perché,front,e,e,tyr,f,485,2424,-0.249539791,1.281937463,TRUE,https://www.francescocangemi.com/icphs2027/vietti/0291.wav
292,3979,D07_14BF45_1,risolvere,back,ɔ,ɔ,tyr,f,646,1132,0.509161032,-1.145808176,TRUE,https://www.francescocangemi.com/icphs2027/vietti/0292.wav
293,4118,D10_19LM18_1,dove,back,o,o,tyr,m,400,1231,-0.145830445,-0.810998595,TRUE,https://www.francescocangemi.com/icphs2027/vietti/0293.wav
294,5231,D03_05SGF21_1,sicuramente,front,ɛ,e,tyr,f,644,2145,0.668531402,0.716140617,FALSE,https://www.francescocangemi.com/icphs2027/vietti/0294.wav
295,7819,D19_38BF21_1,bisogna,back,ɔ,o,bil,f,512,1388.5,0.465754717,-0.758048915,FALSE,https://www.francescocangemi.com/icphs2027/vietti/0295.wav
296,4398,D07_13BF49_1,invece,front,e,e,tyr,f,432,2190.5,0.022644383,0.84523437,TRUE,https://www.francescocangemi.com/icphs2027/vietti/0296.wav
297,5591,D11_22BM51_1,è,front,ɛ,ɛ,ita,m,443,1596,0.318121162,0.278980309,TRUE,https://www.francescocangemi.com/icphs2027/vietti/0297.wav
298,5340,D17_33TM62_1,è,front,ɛ,ɛ,ita,m,445,1618.5,1.518616006,0.626868289,TRUE,https://www.francescocangemi.com/icphs2027/vietti/0298.wav
299,4653,D07_14BF45_1,molto,back,o,o,tyr,f,275,1162,-1.160414864,-1.091158541,TRUE,https://www.francescocangemi.com/icphs2027/vietti/0299.wav
300,4532,D07_14BF45_1,scuola,back,ɔ,ɔ,tyr,f,719,1482,0.837675966,-0.508229093,TRUE,https://www.francescocangemi.com/icphs2027/vietti/0300.wav
301,5892,D19_38BF21_1,potremmo,front,e,e,bil,f,410,1169.5,-0.436938136,-1.206583139,TRUE,https://www.francescocangemi.com/icphs2027/vietti/0301.wav
302,4493,D11_22BM51_1,è,front,ɛ,ɛ,ita,m,391,1851,-0.037365764,0.871138368,TRUE,https://www.francescocangemi.com/icphs2027/vietti/0302.wav
303,5039,D05_10BF52_1,però,back,ɔ,ɔ,ita,f,682,1462,1.437782832,-0.476128749,TRUE,https://www.francescocangemi.com/icphs2027/vietti/0303.wav
304,6960,D19_37BM24_1,fosse,back,o,ɔ,bil,m,337,952,-0.219461325,-1.327120371,FALSE,https://www.francescocangemi.com/icphs2027/vietti/0304.wav
305,6619,D19_38BF21_1,scuola,back,ɔ,ɔ,bil,f,468,1075.5,0.0763578,-1.399104678,TRUE,https://www.francescocangemi.com/icphs2027/vietti/0305.wav
306,7446,D10_20LF18_1,meglio,front,ɛ,ɛ,bil,f,780.5,2018.5,1.486773387,0.313748009,TRUE,https://www.francescocangemi.com/icphs2027/vietti/0306.wav
307,4612,D05_09BF52_1,espanoli,back,ɔ,ɔ,ita,f,346,1030,-0.638150992,-1.600783283,TRUE,https://www.francescocangemi.com/icphs2027/vietti/0307.wav
308,6180,D17_33TM62_1,economica,back,ɔ,ɔ,ita,m,317,760.5,-0.060511003,-1.392754364,TRUE,https://www.francescocangemi.com/icphs2027/vietti/0308.wav
309,7601,D11_21BM60_1,proprio,back,ɔ,ɔ,ita,m,431,889.5,0.386831351,-1.205370078,TRUE,https://www.francescocangemi.com/icphs2027/vietti/0309.wav
310,6686,D05_09BF52_1,dopo,back,o,o,ita,f,483,1355,0.472572229,-0.891190086,TRUE,https://www.francescocangemi.com/icphs2027/vietti/0310.wav
311,6254,D11_21BM60_1,nome,back,o,o,ita,m,288,840,-0.638264255,-1.313707801,TRUE,https://www.francescocangemi.com/icphs2027/vietti/0311.wav
312,6896,D10_20LF18_1,comodo,back,ɔ,ɔ,bil,f,925,1014,2.354376999,-1.52630491,TRUE,https://www.francescocangemi.com/icphs2027/vietti/0312.wav
313,7019,D11_22BM51_1,sarebbero,front,ɛ,ɛ,ita,m,535,1562,0.94705957,0.200025902,TRUE,https://www.francescocangemi.com/icphs2027/vietti/0313.wav
314,5358,D09_17BF59_1,è,front,e,ɛ,tyr,f,435,2267.5,0.190893844,1.121199481,FALSE,https://www.francescocangemi.com/icphs2027/vietti/0314.wav
315,4409,D17_34TF31_1,dovrebbero,front,ɛ,ɛ,bil,f,718,2133.5,1.760307463,0.593283892,TRUE,https://www.francescocangemi.com/icphs2027/vietti/0315.wav
316,5371,D10_19LM18_1,bisogno,back,ɔ,o,tyr,m,447,1202,0.237722071,-0.90121767,FALSE,https://www.francescocangemi.com/icphs2027/vietti/0316.wav
317,6540,D05_10BF52_1,queste,front,e,e,ita,f,344,1815,-0.671378208,0.312400908,TRUE,https://www.francescocangemi.com/icphs2027/vietti/0317.wav
318,7419,D10_20LF18_1,eccezione,back,o,o,bil,f,311,1106,-1.332187832,-1.35777841,TRUE,https://www.francescocangemi.com/icphs2027/vietti/0318.wav
319,5509,D05_10BF52_1,sistema,front,ɛ,ɛ,ita,f,737.5,1662,1.78410957,-0.029369736,TRUE,https://www.francescocangemi.com/icphs2027/vietti/0319.wav
320,6587,D11_21BM60_1,insomma,back,o,o,ita,m,342,729,-0.251165215,-1.556646937,TRUE,https://www.francescocangemi.com/icphs2027/vietti/0320.wav
321,5115,D17_34TF31_1,vengono,front,e,ɛ,bil,f,250,2549,-0.935275209,1.407893132,FALSE,https://www.francescocangemi.com/icphs2027/vietti/0321.wav
322,3950,D09_17BF59_1,attraversa,front,ɛ,ɛ,tyr,f,771,1916,2.117679707,0.417342412,TRUE,https://www.francescocangemi.com/icphs2027/vietti/0322.wav
323,5173,D11_22BM51_1,pesce,front,e,e,ita,m,366,1934,-0.20827294,1.063880011,TRUE,https://www.francescocangemi.com/icphs2027/vietti/0323.wav
324,7432,D19_38BF21_1,svolgeva,front,e,e,bil,f,439,2219,-0.180290168,0.942899363,TRUE,https://www.francescocangemi.com/icphs2027/vietti/0324.wav
325,4333,D14_27BF49_1,direi,front,ɛ,ɛ,tyr,f,552,1728,0.594206427,0.375668325,TRUE,https://www.francescocangemi.com/icphs2027/vietti/0325.wav
326,6100,D03_05SGF21_1,modo,back,ɔ,ɔ,tyr,f,363,900,-0.953971776,-1.808651758,TRUE,https://www.francescocangemi.com/icphs2027/vietti/0326.wav
327,5773,D10_19LM18_1,quello,front,e,e,tyr,m,434,1419,0.131633077,-0.226130112,TRUE,https://www.francescocangemi.com/icphs2027/vietti/0327.wav
328,5952,D01_01BF47_1,della,front,ɛ,e,ita,f,504,1889,0.032987885,0.316396792,FALSE,https://www.francescocangemi.com/icphs2027/vietti/0328.wav
329,5665,D09_17BF59_1,perciò,back,ɔ,ɔ,tyr,f,448,1129,0.265442106,-1.158576545,TRUE,https://www.francescocangemi.com/icphs2027/vietti/0329.wav
330,5613,D19_38BF21_1,aver,front,e,e,bil,f,433,1912,-0.233389748,0.314132209,TRUE,https://www.francescocangemi.com/icphs2027/vietti/0330.wav
331,4080,D01_02BF47_1,perché,front,e,e,ita,f,408,2114,-0.274666016,1.11726263,TRUE,https://www.francescocangemi.com/icphs2027/vietti/0331.wav
332,5357,D01_02BF47_1,siccome,back,o,o,ita,f,402,918,-0.309206865,-1.169762235,TRUE,https://www.francescocangemi.com/icphs2027/vietti/0332.wav
333,6669,D10_20LF18_1,insomma,back,o,o,bil,f,512,1104,-0.125348205,-1.36144203,TRUE,https://www.francescocangemi.com/icphs2027/vietti/0333.wav
334,4560,D07_14BF45_1,tedesca,front,e,e,tyr,f,349,2576,-0.827399726,1.484660958,TRUE,https://www.francescocangemi.com/icphs2027/vietti/0334.wav
335,4464,D11_22BM51_1,molto,back,o,o,ita,m,222.5,750.5,-1.189280131,-1.684430039,TRUE,https://www.francescocangemi.com/icphs2027/vietti/0335.wav
336,5376,D11_21BM60_1,dove,back,o,o,ita,m,344.5,1174.5,-0.233243963,-0.58160743,TRUE,https://www.francescocangemi.com/icphs2027/vietti/0336.wav
337,6954,D19_37BM24_1,esito,front,e,e,bil,m,350,1845,-0.13309987,0.716083762,TRUE,https://www.francescocangemi.com/icphs2027/vietti/0337.wav
338,5130,D11_21BM60_1,molto,back,o,o,ita,m,251,948,-0.903498783,-1.077334587,TRUE,https://www.francescocangemi.com/icphs2027/vietti/0338.wav
339,5891,D03_05SGF21_1,scuola,back,ɔ,ɔ,tyr,f,704,1496,1.014973362,-0.599996131,TRUE,https://www.francescocangemi.com/icphs2027/vietti/0339.wav
340,6138,D17_34TF31_1,tedesco,front,e,e,bil,f,355.5,2485,-0.327617149,1.282417821,TRUE,https://www.francescocangemi.com/icphs2027/vietti/0340.wav
341,6173,D17_33TM62_1,transizione,back,o,o,ita,m,345.5,803.5,0.291091495,-1.291537844,TRUE,https://www.francescocangemi.com/icphs2027/vietti/0341.wav
342,6707,D11_21BM60_1,bisogna,back,o,o,ita,m,243,1427.5,-0.960846789,-0.027881289,TRUE,https://www.francescocangemi.com/icphs2027/vietti/0342.wav
343,5550,D11_21BM60_1,nonni,back,ɔ,ɔ,ita,m,269,760,-0.77446577,-1.48879907,TRUE,https://www.francescocangemi.com/icphs2027/vietti/0343.wav
344,5979,D05_10BF52_1,riesco,front,ɛ,ɛ,ita,f,602,1869,0.938573118,0.433025842,TRUE,https://www.francescocangemi.com/icphs2027/vietti/0344.wav
345,7813,D11_21BM60_1,potremmo,front,e,e,ita,m,340.5,1441,-0.261917966,0.001665363,TRUE,https://www.francescocangemi.com/icphs2027/vietti/0345.wav
346,5506,D03_05SGF21_1,come,back,o,o,tyr,f,213.0000001,756.0000001,-1.820076675,-2.100675936,TRUE,https://www.francescocangemi.com/icphs2027/vietti/0346.wav
347,7044,D11_22BM51_1,crescerebbero,front,ɛ,ɛ,ita,m,538,1633,0.967568431,0.364901283,TRUE,https://www.francescocangemi.com/icphs2027/vietti/0347.wav
348,4725,D10_19LM18_1,piacerebbe,front,ɛ,ɛ,tyr,m,530.5,1560,0.91913984,0.212521251,TRUE,https://www.francescocangemi.com/icphs2027/vietti/0348.wav
349,5109,D01_01BF47_1,uovo,back,ɔ,ɔ,ita,f,513,985,0.076985832,-1.566740389,TRUE,https://www.francescocangemi.com/icphs2027/vietti/0349.wav
350,4592,D01_02BF47_1,proprio,back,ɔ,ɔ,ita,f,466,1013,0.059228859,-0.988100561,TRUE,https://www.francescocangemi.com/icphs2027/vietti/0350.wav
351,4291,D07_14BF45_1,scuola,back,ɔ,ɔ,tyr,f,671.5,1511.5,0.623916249,-0.454490284,TRUE,https://www.francescocangemi.com/icphs2027/vietti/0351.wav
352,6213,D10_19LM18_1,secondo,back,o,o,tyr,m,363,1228,-0.447776044,-0.820331603,TRUE,https://www.francescocangemi.com/icphs2027/vietti/0352.wav
353,7721,D11_21BM60_1,perfettamente,front,e,e,ita,m,303,1885,-0.530736744,0.973421909,TRUE,https://www.francescocangemi.com/icphs2027/vietti/0353.wav
354,4721,D14_27BF49_1,cosa,back,ɔ,ɔ,tyr,f,591,1114,0.842334548,-0.97653839,TRUE,https://www.francescocangemi.com/icphs2027/vietti/0354.wav
355,5773,D05_10BF52_1,persone,back,o,o,ita,f,458.5,1274.5,0.043115694,-0.894965323,TRUE,https://www.francescocangemi.com/icphs2027/vietti/0355.wav
356,3584,D09_17BF59_1,elga,front,ɛ,ɛ,tyr,f,624,684,1.274710892,-2.049661597,TRUE,https://www.francescocangemi.com/icphs2027/vietti/0356.wav
357,4974,D11_22BM51_1,timore,back,o,o,ita,m,204,797,-1.315751441,-1.576448275,TRUE,https://www.francescocangemi.com/icphs2027/vietti/0357.wav
358,5258,D03_05SGF21_1,influenze,front,ɛ,ɛ,tyr,f,621.5,2253,0.538615667,0.935158751,TRUE,https://www.francescocangemi.com/icphs2027/vietti/0358.wav
359,6003,D05_09BF52_1,allegri,front,e,e,ita,f,294.5,2523,-1.055685633,1.658978698,TRUE,https://www.francescocangemi.com/icphs2027/vietti/0359.wav
360,4768,D10_19LM18_1,buona,back,ɔ,ɔ,tyr,m,536,1075,0.964023645,-1.296314997,TRUE,https://www.francescocangemi.com/icphs2027/vietti/0360.wav
361,5250,D05_10BF52_1,piuttosto,back,ɔ,ɔ,ita,f,405.5,1256,-0.287610741,-0.936290532,TRUE,https://www.francescocangemi.com/icphs2027/vietti/0361.wav
362,6001,D10_20LF18_1,volta,back,ɔ,ɔ,bil,f,644,1520.5,0.667203192,-0.598493259,TRUE,https://www.francescocangemi.com/icphs2027/vietti/0362.wav
363,7697,D11_21BM60_1,modo,back,ɔ,ɔ,ita,m,278,765,-0.709949263,-1.477855866,TRUE,https://www.francescocangemi.com/icphs2027/vietti/0363.wav
364,5383,D14_27BF49_1,detto,front,e,e,tyr,f,345,1843,-0.722781296,0.628931798,TRUE,https://www.francescocangemi.com/icphs2027/vietti/0364.wav
365,4685,D01_01BF47_1,metri,front,ɛ,ɛ,ita,f,793,1900,1.445810839,0.339311072,TRUE,https://www.francescocangemi.com/icphs2027/vietti/0365.wav
366,4723,D05_10BF52_1,è,front,ɛ,ɛ,ita,f,416,1698,-0.222089466,0.051046886,TRUE,https://www.francescocangemi.com/icphs2027/vietti/0366.wav
367,4356,D11_22BM51_1,ferie,front,ɛ,ɛ,ita,m,449.5,1532.5,0.362557028,0.131521342,TRUE,https://www.francescocangemi.com/icphs2027/vietti/0367.wav
368,4748,D05_09BF52_1,perché,front,e,e,ita,f,386,2239,-0.313852241,1.038903411,TRUE,https://www.francescocangemi.com/icphs2027/vietti/0368.wav
369,8640,D10_20LF18_1,continuamente,front,e,e,bil,f,494,2445.5,-0.233423395,1.095930783,TRUE,https://www.francescocangemi.com/icphs2027/vietti/0369.wav
370,7528,D10_20LF18_1,nostri,back,ɔ,ɔ,bil,f,685.5,1426.5,0.916376548,-0.770683378,TRUE,https://www.francescocangemi.com/icphs2027/vietti/0370.wav
371,6248,D11_21BM60_1,mente,front,e,e,ita,m,330,2052,-0.337187224,1.338924935,TRUE,https://www.francescocangemi.com/icphs2027/vietti/0371.wav
372,6739,D14_27BF49_1,perché,front,e,e,tyr,f,326,2189,-0.843664227,1.390924507,TRUE,https://www.francescocangemi.com/icphs2027/vietti/0372.wav
373,4772,D10_19LM18_1,forse,back,o,o,tyr,m,376,993,-0.34168705,-1.551417208,TRUE,https://www.francescocangemi.com/icphs2027/vietti/0373.wav
374,7263,D19_38BF21_1,dei,front,e,e,bil,f,379.5,2382.5,-0.706860999,1.277763955,TRUE,https://www.francescocangemi.com/icphs2027/vietti/0374.wav
375,6954,D17_34TF31_1,dei,front,e,e,bil,f,396,2263,-0.094345572,0.847175339,TRUE,https://www.francescocangemi.com/icphs2027/vietti/0375.wav
376,5871,D05_09BF52_1,ecco,front,ɛ,ɛ,ita,f,705,2010,2.272430296,0.538913128,TRUE,https://www.francescocangemi.com/icphs2027/vietti/0376.wav
377,6169,D10_19LM18_1,sempre,front,e,ɛ,tyr,m,277.5,1892,-1.145515196,1.245374105,FALSE,https://www.francescocangemi.com/icphs2027/vietti/0377.wav
378,6602,D05_09BF52_1,è,front,ɛ,ɛ,ita,f,348,2101,-0.621936054,0.737599223,TRUE,https://www.francescocangemi.com/icphs2027/vietti/0378.wav
379,6648,D05_09BF52_1,oltre,back,o,o,ita,f,413,1146,-0.094950584,-1.347513096,TRUE,https://www.francescocangemi.com/icphs2027/vietti/0379.wav
380,4935,D19_37BM24_1,cosiddetta,front,e,e,bil,m,347,1826,-0.153029437,0.672611334,TRUE,https://www.francescocangemi.com/icphs2027/vietti/0380.wav
381,6187,D19_37BM24_1,ore,back,o,o,bil,m,294,834,-0.505118444,-1.597107032,TRUE,https://www.francescocangemi.com/icphs2027/vietti/0381.wav
382,7185,D10_20LF18_1,sotto,back,o,o,bil,f,472,1267.5,-0.365515295,-1.061941132,TRUE,https://www.francescocangemi.com/icphs2027/vietti/0382.wav
383,5488,D19_37BM24_1,nella,front,e,e,bil,m,393,1885,0.152557249,0.807604664,TRUE,https://www.francescocangemi.com/icphs2027/vietti/0383.wav
384,5484,D20_39BF58_1,noi,back,o,o,tyr,f,351,1156,-0.544540507,-1.045877161,TRUE,https://www.francescocangemi.com/icphs2027/vietti/0384.wav
385,6395,D01_01BF47_1,bella,front,ɛ,ɛ,ita,f,716,2184.5,1.069383962,0.931957673,TRUE,https://www.francescocangemi.com/icphs2027/vietti/0385.wav
386,5780,D07_13BF49_1,è,front,ɛ,ɛ,tyr,f,255,1938,-1.063659344,0.365420145,TRUE,https://www.francescocangemi.com/icphs2027/vietti/0386.wav
387,5469,D19_38BF21_1,molto,back,o,o,bil,f,426,690,-0.295339257,-2.188647798,TRUE,https://www.francescocangemi.com/icphs2027/vietti/0387.wav
388,3328,D07_14BF45_1,lavoro,back,o,o,tyr,f,365.5,786,-0.75314635,-1.776100642,TRUE,https://www.francescocangemi.com/icphs2027/vietti/0388.wav
389,4837,D03_05SGF21_1,perché,front,e,e,tyr,f,327,2426,-1.161836952,1.285993354,TRUE,https://www.francescocangemi.com/icphs2027/vietti/0389.wav
390,4301,D17_33TM62_1,è,front,ɛ,ɛ,ita,m,300,1599,-0.270238809,0.580967774,TRUE,https://www.francescocangemi.com/icphs2027/vietti/0390.wav
391,6146,D05_09BF52_1,cose,back,ɔ,ɔ,ita,f,621,1243.5,1.591402919,-1.134635137,TRUE,https://www.francescocangemi.com/icphs2027/vietti/0391.wav
392,4856,D09_17BF59_1,cioè,front,ɛ,ɛ,tyr,f,531,1873,0.74140409,0.331237564,TRUE,https://www.francescocangemi.com/icphs2027/vietti/0392.wav
393,5294,D05_09BF52_1,dove,back,o,o,ita,f,375,1547.5,-0.403034397,-0.470892576,TRUE,https://www.francescocangemi.com/icphs2027/vietti/0393.wav
394,4951,D17_34TF31_1,certo,front,ɛ,ɛ,bil,f,549,1797.5,0.786902609,-0.065461487,TRUE,https://www.francescocangemi.com/icphs2027/vietti/0394.wav
395,3874,D09_17BF59_1,ho,back,o,ɔ,tyr,f,432.5,1213.5,0.176557639,-0.989370507,FALSE,https://www.francescocangemi.com/icphs2027/vietti/0395.wav
396,6242,D19_37BM24_1,esperienza,front,e,ɛ,bil,m,251.5,1859.5,-0.78745397,0.749260089,FALSE,https://www.francescocangemi.com/icphs2027/vietti/0396.wav
397,4392,D11_22BM51_1,ho,back,o,ɔ,ita,m,335,668,-0.420197839,-1.876010587,FALSE,https://www.francescocangemi.com/icphs2027/vietti/0397.wav
398,5180,D05_10BF52_1,cosa,back,o,ɔ,ita,f,293,1042,-0.989624401,-1.414322676,FALSE,https://www.francescocangemi.com/icphs2027/vietti/0398.wav
399,4425,D01_01BF47_1,quella,front,e,e,ita,f,297,2242,-0.978964888,1.051736864,TRUE,https://www.francescocangemi.com/icphs2027/vietti/0399.wav
400,4424,D20_39BF58_1,poi,back,ɔ,ɔ,tyr,f,513,1364,0.475532343,-0.643961222,TRUE,https://www.francescocangemi.com/icphs2027/vietti/0400.wav
401,6043,D03_05SGF21_1,scuole,back,ɔ,ɔ,tyr,f,566,1622,0.218156854,-0.344474975,TRUE,https://www.francescocangemi.com/icphs2027/vietti/0401.wav
402,4888,D05_09BF52_1,contro,back,o,o,ita,f,340.5,1063.5,-0.68274207,-1.5276406,TRUE,https://www.francescocangemi.com/icphs2027/vietti/0402.wav
403,4823,D05_09BF52_1,maniera,front,ɛ,ɛ,ita,f,464,2243,0.318530323,1.047636866,TRUE,https://www.francescocangemi.com/icphs2027/vietti/0403.wav
404,6544,D14_27BF49_1,coso,back,ɔ,ɔ,tyr,f,561.5,937.5,0.654647892,-1.365242764,TRUE,https://www.francescocangemi.com/icphs2027/vietti/0404.wav
405,5423,D10_20LF18_1,devo,front,e,ɛ,bil,f,454,2486,-0.473590485,1.170119079,FALSE,https://www.francescocangemi.com/icphs2027/vietti/0405.wav
406,5923,D05_09BF52_1,prove,back,ɔ,ɔ,ita,f,496.5,1069,0.582023058,-1.515632099,TRUE,https://www.francescocangemi.com/icphs2027/vietti/0406.wav
407,3111,D07_14BF45_1,diventa,front,ɛ,ɛ,tyr,f,317,2371.5,-0.971406272,1.112132608,TRUE,https://www.francescocangemi.com/icphs2027/vietti/0407.wav
408,5122,D01_02BF47_1,proprio,back,ɔ,ɔ,ita,f,458,990,0.013174393,-1.032081808,TRUE,https://www.francescocangemi.com/icphs2027/vietti/0408.wav
409,6500,D19_38BF21_1,questo,front,e,e,bil,f,389,2017,-0.622786665,0.529182865,TRUE,https://www.francescocangemi.com/icphs2027/vietti/0409.wav
410,6502,D05_10BF52_1,persone,back,o,o,ita,f,427,1482,-0.15344813,-0.431452848,TRUE,https://www.francescocangemi.com/icphs2027/vietti/0410.wav
411,4457,D09_17BF59_1,attenzione,back,o,o,tyr,f,245,1369,-0.898657686,-0.677991348,TRUE,https://www.francescocangemi.com/icphs2027/vietti/0411.wav
412,4803,D11_22BM51_1,scorso,back,o,o,ita,m,249,731,-1.008118524,-1.729712714,TRUE,https://www.francescocangemi.com/icphs2027/vietti/0412.wav
413,5109,D09_17BF59_1,detto,front,e,e,tyr,f,304,1923,-0.560323263,0.43135948,TRUE,https://www.francescocangemi.com/icphs2027/vietti/0413.wav
414,5776,D07_13BF49_1,dove,back,o,o,tyr,f,361,1328,-0.41310457,-0.793735014,TRUE,https://www.francescocangemi.com/icphs2027/vietti/0414.wav
415,6350,D10_19LM18_1,vorrei,front,ɛ,ɛ,tyr,m,548,1725,1.061951948,0.725836676,TRUE,https://www.francescocangemi.com/icphs2027/vietti/0415.wav
416,5375,D20_39BF58_1,è,front,ɛ,ɛ,tyr,f,572,2180.5,0.847040357,0.933752066,TRUE,https://www.francescocangemi.com/icphs2027/vietti/0416.wav
417,6963,D05_09BF52_1,possa,back,ɔ,ɔ,ita,f,577,1369.5,1.234674294,-0.859531312,TRUE,https://www.francescocangemi.com/icphs2027/vietti/0417.wav
418,6952,D11_21BM60_1,sono,back,o,o,ita,m,292,698,-0.609590253,-1.624494804,TRUE,https://www.francescocangemi.com/icphs2027/vietti/0418.wav
419,4801,D09_17BF59_1,vecchia,front,ɛ,ɛ,tyr,f,557.5,1982.5,0.893367856,0.55050456,TRUE,https://www.francescocangemi.com/icphs2027/vietti/0419.wav
420,7887,D10_20LF18_1,detto,front,e,e,bil,f,412,2416,-0.72576593,1.041892395,TRUE,https://www.francescocangemi.com/icphs2027/vietti/0420.wav
421,5564,D11_22BM51_1,ricordo,back,ɔ,ɔ,ita,m,531,402.5,0.919714421,-2.492551625,TRUE,https://www.francescocangemi.com/icphs2027/vietti/0421.wav
422,3161,D07_14BF45_1,allora,back,o,o,tyr,f,580,1184,0.21214753,-1.051082141,TRUE,https://www.francescocangemi.com/icphs2027/vietti/0422.wav
423,6722,D19_37BM24_1,sei,front,ɛ,ɛ,bil,m,349,1854,-0.139743059,0.736675965,TRUE,https://www.francescocangemi.com/icphs2027/vietti/0423.wav
424,7038,D05_09BF52_1,percorso,back,o,o,ita,f,377.5,903.5,-0.382765726,-1.876978789,TRUE,https://www.francescocangemi.com/icphs2027/vietti/0424.wav
425,6134,D19_38BF21_1,conoscono,back,ɔ,o,bil,f,399,1076,-0.534287366,-1.398080627,FALSE,https://www.francescocangemi.com/icphs2027/vietti/0425.wav
426,5303,D01_01BF47_1,è,front,ɛ,ɛ,ita,f,749,1804,1.230709766,0.139331902,TRUE,https://www.francescocangemi.com/icphs2027/vietti/0426.wav
427,7478,D10_20LF18_1,però,back,ɔ,ɔ,bil,f,782.5,442.5,1.498781741,-2.573184196,TRUE,https://www.francescocangemi.com/icphs2027/vietti/0427.wav
428,6775,D19_38BF21_1,meno,front,e,e,bil,f,404,2334,-0.490037716,1.178431033,TRUE,https://www.francescocangemi.com/icphs2027/vietti/0428.wav
429,4733,D07_13BF49_1,noi,back,o,o,tyr,f,376,1266,-0.321044932,-0.911550784,TRUE,https://www.francescocangemi.com/icphs2027/vietti/0429.wav
430,4360,D03_05SGF21_1,come,back,o,o,tyr,f,419,906,-0.630625947,-1.796484084,TRUE,https://www.francescocangemi.com/icphs2027/vietti/0430.wav
431,5230,D20_39BF58_1,bene,front,e,ɛ,tyr,f,426,2529,-0.072284558,1.607154492,FALSE,https://www.francescocangemi.com/icphs2027/vietti/0431.wav
432,6181,D10_20LF18_1,ambiente,front,ɛ,ɛ,bil,f,530,2606,-0.017273014,1.389936252,TRUE,https://www.francescocangemi.com/icphs2027/vietti/0432.wav
433,6015,D14_27BF49_1,della,front,ɛ,e,tyr,f,541,1675,0.524221572,0.258946898,FALSE,https://www.francescocangemi.com/icphs2027/vietti/0433.wav
434,5086,D10_19LM18_1,sono,back,o,o,tyr,m,334,1062,-0.684436107,-1.33675803,TRUE,https://www.francescocangemi.com/icphs2027/vietti/0434.wav
435,5674,D01_01BF47_1,dentro,front,e,e,ita,f,485.5,2559.5,-0.057452339,1.713126305,TRUE,https://www.francescocangemi.com/icphs2027/vietti/0435.wav
436,4639,D09_17BF59_1,sera,front,e,e,tyr,f,501,2422,0.569369638,1.430576201,TRUE,https://www.francescocangemi.com/icphs2027/vietti/0436.wav
437,5631,D03_05SGF21_1,stereotipi,back,ɔ,ɔ,tyr,f,617.5,1088,0.515519536,-1.42739797,TRUE,https://www.francescocangemi.com/icphs2027/vietti/0437.wav
438,5847,D01_01BF47_1,era,front,ɛ,ɛ,ita,f,415,1921,-0.402102921,0.383056515,TRUE,https://www.francescocangemi.com/icphs2027/vietti/0438.wav
439,7182,D19_38BF21_1,bene,front,e,ɛ,bil,f,403,2505,-0.498887646,1.528656386,FALSE,https://www.francescocangemi.com/icphs2027/vietti/0439.wav
440,6989,D11_22BM51_1,patrimonio,back,ɔ,ɔ,ita,m,330,766,-0.454379274,-1.648436117,TRUE,https://www.francescocangemi.com/icphs2027/vietti/0440.wav
441,3691,D07_14BF45_1,questo,front,e,e,tyr,f,439,2137,-0.422381314,0.684954621,TRUE,https://www.francescocangemi.com/icphs2027/vietti/0441.wav
442,5542,D03_05SGF21_1,molto,back,o,o,tyr,f,448.5,1139.5,-0.460291983,-1.322958767,TRUE,https://www.francescocangemi.com/icphs2027/vietti/0442.wav
443,4626,D01_02BF47_1,siccome,back,o,o,ita,f,374,879,-0.470397494,-1.244339133,TRUE,https://www.francescocangemi.com/icphs2027/vietti/0443.wav
444,4051,D01_01BF47_1,meno,front,e,e,ita,f,400.5,1995.5,-0.472988502,0.538248683,TRUE,https://www.francescocangemi.com/icphs2027/vietti/0444.wav
445,5443,D10_20LF18_1,iscrizione,back,ɔ,o,bil,f,607,1598.5,0.445048634,-0.455612096,FALSE,https://www.francescocangemi.com/icphs2027/vietti/0445.wav
446,4963,D17_34TF31_1,devi,front,e,ɛ,bil,f,361,2544,-0.295938293,1.398090373,FALSE,https://www.francescocangemi.com/icphs2027/vietti/0446.wav
447,6540,D10_20LF18_1,scelta,front,ɛ,e,bil,f,828,2045,1.771971806,0.362290968,FALSE,https://www.francescocangemi.com/icphs2027/vietti/0447.wav
448,4232,D01_01BF47_1,viola,back,ɔ,ɔ,ita,f,666,1789,0.824950925,0.108085157,TRUE,https://www.francescocangemi.com/icphs2027/vietti/0448.wav
449,7278,D11_21BM60_1,cosa,back,ɔ,ɔ,ita,m,378,786,0.006900812,-1.431894408,TRUE,https://www.francescocangemi.com/icphs2027/vietti/0449.wav
450,5028,D11_21BM60_1,forse,back,o,o,ita,m,281,817,-0.688443761,-1.364046541,TRUE,https://www.francescocangemi.com/icphs2027/vietti/0450.wav
451,5399,D05_10BF52_1,sei,front,ɛ,ɛ,ita,f,501,1983,0.308320855,0.687678479,TRUE,https://www.francescocangemi.com/icphs2027/vietti/0451.wav
452,4195,D20_39BF58_1,dei,front,e,e,tyr,f,377.5,2026.5,-0.377676738,0.636179688,TRUE,https://www.francescocangemi.com/icphs2027/vietti/0452.wav
453,7497,D11_21BM60_1,molto,back,o,o,ita,m,327,701,-0.358692726,-1.617928882,TRUE,https://www.francescocangemi.com/icphs2027/vietti/0453.wav
454,6172,D05_10BF52_1,poi,back,ɔ,ɔ,ita,f,545,1347,0.582886197,-0.733015181,TRUE,https://www.francescocangemi.com/icphs2027/vietti/0454.wav
455,5601,D17_33TM62_1,perderlo,front,ɛ,ɛ,ita,m,382,1083,0.741389431,-0.633630465,TRUE,https://www.francescocangemi.com/icphs2027/vietti/0455.wav
456,5039,D11_21BM60_1,scelto,front,ɛ,e,ita,m,494,1501,0.838446899,0.132983815,FALSE,https://www.francescocangemi.com/icphs2027/vietti/0456.wav
457,5776,D10_19LM18_1,è,front,ɛ,ɛ,tyr,m,465,1492,0.384614525,9.73e-4,TRUE,https://www.francescocangemi.com/icphs2027/vietti/0457.wav
458,5480,D01_01BF47_1,cimitero,front,ɛ,ɛ,ita,f,698.5,1833,0.983832399,0.199742276,TRUE,https://www.francescocangemi.com/icphs2027/vietti/0458.wav
459,5573,D20_39BF58_1,coi,back,o,o,tyr,f,318,1791,-0.752333124,0.181125825,TRUE,https://www.francescocangemi.com/icphs2027/vietti/0459.wav
460,4948,D07_13BF49_1,poi,back,ɔ,ɔ,tyr,f,682,1458,1.556971682,-0.546701947,TRUE,https://www.francescocangemi.com/icphs2027/vietti/0460.wav
461,3710,D07_14BF45_1,problemi,front,ɛ,ɛ,tyr,f,841,2100,1.386700924,0.617553404,TRUE,https://www.francescocangemi.com/icphs2027/vietti/0461.wav
462,4812,D10_19LM18_1,puoi,back,ɔ,ɔ,tyr,m,466,1117,0.392775216,-1.165652889,TRUE,https://www.francescocangemi.com/icphs2027/vietti/0462.wav
463,5473,D20_39BF58_1,come,back,o,o,tyr,f,390.5,1030.5,-0.29581904,-1.288379326,TRUE,https://www.francescocangemi.com/icphs2027/vietti/0463.wav
464,5401,D05_09BF52_1,diceva,front,e,e,ita,f,363,2296.5,-0.500324023,1.164446823,TRUE,https://www.francescocangemi.com/icphs2027/vietti/0464.wav
465,5740,D01_01BF47_1,fiammella,front,ɛ,ɛ,ita,f,762.5,1890.5,1.296706686,0.319521466,TRUE,https://www.francescocangemi.com/icphs2027/vietti/0465.wav
466,6089,D19_37BM24_1,chiaramente,front,e,e,bil,m,231,2246,-0.92363934,1.633580803,TRUE,https://www.francescocangemi.com/icphs2027/vietti/0466.wav
467,5961,D01_02BF47_1,treno,front,e,ɛ,ita,f,390,2441,-0.378288563,1.742561235,FALSE,https://www.francescocangemi.com/icphs2027/vietti/0467.wav
468,5651,D17_34TF31_1,essenzialmente,front,e,e,bil,f,242,2598,-0.981353545,1.503960166,TRUE,https://www.francescocangemi.com/icphs2027/vietti/0468.wav
469,4325,D01_01BF47_1,sei,front,ɛ,ɛ,ita,f,484,1928.5,-0.06478533,0.398679888,TRUE,https://www.francescocangemi.com/icphs2027/vietti/0469.wav
470,7152,D10_20LF18_1,però,back,ɔ,ɔ,bil,f,699,1210,0.997432941,-1.167270194,TRUE,https://www.francescocangemi.com/icphs2027/vietti/0470.wav
471,4686,D07_13BF49_1,stagione,back,o,o,tyr,f,305,713,-0.756793885,-1.962391444,TRUE,https://www.francescocangemi.com/icphs2027/vietti/0471.wav
472,6646,D17_33TM62_1,aspetto,front,e,e,ita,m,374,1630.5,0.642693993,0.65511476,TRUE,https://www.francescocangemi.com/icphs2027/vietti/0472.wav
473,4563,D17_34TF31_1,proprio,back,ɔ,ɔ,bil,f,357,1066,-0.318977461,-1.49960507,TRUE,https://www.francescocangemi.com/icphs2027/vietti/0473.wav
474,4453,D20_39BF58_1,adesso,front,ɛ,ɛ,tyr,f,496,2203,0.368487661,0.97722855,TRUE,https://www.francescocangemi.com/icphs2027/vietti/0474.wav
475,5068,D01_02BF47_1,sopra,back,o,o,ita,f,372,975,-0.48191111,-1.060765231,TRUE,https://www.francescocangemi.com/icphs2027/vietti/0475.wav
476,4399,D17_34TF31_1,secondo,back,o,o,bil,f,279,1492.5,-0.76824124,-0.663429761,TRUE,https://www.francescocangemi.com/icphs2027/vietti/0476.wav
477,5281,D19_37BM24_1,sempre,front,e,ɛ,bil,m,342,1918,-0.186245381,0.883109408,FALSE,https://www.francescocangemi.com/icphs2027/vietti/0477.wav
478,4679,D10_19LM18_1,buona,back,ɔ,ɔ,tyr,m,536,1005,0.964023645,-1.514085177,TRUE,https://www.francescocangemi.com/icphs2027/vietti/0478.wav
479,6043,D19_37BM24_1,ovviamente,front,e,e,bil,m,212,2321.5,-1.049859928,1.806326505,TRUE,https://www.francescocangemi.com/icphs2027/vietti/0479.wav
480,5493,D01_02BF47_1,lei,front,ɛ,ɛ,ita,f,827,1978,2.137436612,0.857199602,TRUE,https://www.francescocangemi.com/icphs2027/vietti/0480.wav
481,5185,D17_33TM62_1,economico,back,ɔ,ɔ,ita,m,320,741,-0.023500214,-1.438654879,TRUE,https://www.francescocangemi.com/icphs2027/vietti/0481.wav
482,6553,D11_22BM51_1,penso,front,e,ɛ,ita,m,396,2084,-0.003184329,1.412208281,FALSE,https://www.francescocangemi.com/icphs2027/vietti/0482.wav
483,6046,D17_33TM62_1,forte,back,ɔ,ɔ,ita,m,363,721.5,0.506987766,-1.484555394,TRUE,https://www.francescocangemi.com/icphs2027/vietti/0483.wav
484,7754,D19_38BF21_1,è,front,ɛ,ɛ,bil,f,513,2059.5,0.474604647,0.616227177,TRUE,https://www.francescocangemi.com/icphs2027/vietti/0484.wav
485,6508,D19_37BM24_1,argomento,front,e,e,bil,m,225,2178,-0.963498473,1.47799527,TRUE,https://www.francescocangemi.com/icphs2027/vietti/0485.wav
486,3957,D09_17BF59_1,senza,front,e,ɛ,tyr,f,402,1939.5,0.001655947,0.464399712,FALSE,https://www.francescocangemi.com/icphs2027/vietti/0486.wav
487,6436,D11_22BM51_1,però,back,ɔ,ɔ,ita,m,268,934,-0.878229071,-1.258308455,TRUE,https://www.francescocangemi.com/icphs2027/vietti/0487.wav
488,6594,D11_22BM51_1,bomba,back,o,o,ita,m,208,663,-1.288406293,-1.887621529,TRUE,https://www.francescocangemi.com/icphs2027/vietti/0488.wav
489,5578,D17_33TM62_1,potere,front,e,e,ita,m,349.5,1616.5,0.340439214,0.622160544,TRUE,https://www.francescocangemi.com/icphs2027/vietti/0489.wav
490,4389,D05_09BF52_1,sente,front,e,ɛ,ita,f,330,2236,-0.767870492,1.03235332,FALSE,https://www.francescocangemi.com/icphs2027/vietti/0490.wav
491,6835,D17_34TF31_1,settembre,front,e,ɛ,bil,f,345.5,2442.5,-0.38521507,1.199094373,FALSE,https://www.francescocangemi.com/icphs2027/vietti/0491.wav
492,6391,D11_21BM60_1,zona,back,ɔ,ɔ,ita,m,457,1045,0.573212371,-0.865036422,TRUE,https://www.francescocangemi.com/icphs2027/vietti/0492.wav
493,7167,D19_38BF21_1,devi,front,ɛ,ɛ,bil,f,351,2449,-0.959084003,1.413962704,TRUE,https://www.francescocangemi.com/icphs2027/vietti/0493.wav
494,5546,D05_09BF52_1,essere,front,ɛ,ɛ,ita,f,643,1856,1.769767232,0.20267512,TRUE,https://www.francescocangemi.com/icphs2027/vietti/0494.wav
495,4572,D05_09BF52_1,come,back,o,o,ita,f,282.5,987,-1.152975258,-1.694667922,TRUE,https://www.francescocangemi.com/icphs2027/vietti/0495.wav
496,5796,D01_02BF47_1,negozietti,front,e,ɛ,ita,f,394,2411,-0.35526133,1.68519439,FALSE,https://www.francescocangemi.com/icphs2027/vietti/0496.wav
497,4450,D05_09BF52_1,era,front,ɛ,ɛ,ita,f,557,1910,1.072524918,0.320576759,TRUE,https://www.francescocangemi.com/icphs2027/vietti/0497.wav
498,5942,D19_37BM24_1,come,back,o,o,bil,m,295,790.5,-0.498475256,-1.696636012,TRUE,https://www.francescocangemi.com/icphs2027/vietti/0498.wav
499,5753,D19_38BF21_1,penso,front,e,ɛ,bil,f,397,2482,-0.551987226,1.481550052,FALSE,https://www.francescocangemi.com/icphs2027/vietti/0499.wav
500,3991,D07_14BF45_1,sono,back,o,o,tyr,f,386,1274,-0.660892157,-0.887133234,TRUE,https://www.francescocangemi.com/icphs2027/vietti/0500.wav
501,6429,D17_33TM62_1,è,front,ɛ,ɛ,ita,m,268.5,1693,-0.658852096,0.802231794,TRUE,https://www.francescocangemi.com/icphs2027/vietti/0501.wav
502,4208,D20_39BF58_1,perché,front,e,e,tyr,f,298,2562,-0.878268044,1.670920001,TRUE,https://www.francescocangemi.com/icphs2027/vietti/0502.wav
503,3739,D07_13BF49_1,bene,front,e,ɛ,tyr,f,345.5,2281,-0.508232862,1.01720739,FALSE,https://www.francescocangemi.com/icphs2027/vietti/0503.wav
504,5722,D17_33TM62_1,tedesca,front,e,e,ita,m,265,1648,-0.70203135,0.696307529,TRUE,https://www.francescocangemi.com/icphs2027/vietti/0504.wav
505,5081,D11_22BM51_1,almeno,front,e,e,ita,m,422,2114,0.174559134,1.481873935,TRUE,https://www.francescocangemi.com/icphs2027/vietti/0505.wav
506,6915,D11_21BM60_1,conosco,back,o,o,ita,m,228,715,-1.0683743,-1.58728791,TRUE,https://www.francescocangemi.com/icphs2027/vietti/0506.wav
507,5049,D09_17BF59_1,giorni,back,o,o,tyr,f,495,1215,0.534962748,-0.986366849,TRUE,https://www.francescocangemi.com/icphs2027/vietti/0507.wav
508,5478,D01_02BF47_1,ho,back,ɔ,ɔ,ita,f,771,887,1.815055354,-1.229041308,TRUE,https://www.francescocangemi.com/icphs2027/vietti/0508.wav
509,5989,D19_38BF21_1,gioco,back,ɔ,ɔ,bil,f,541.5,1166.5,0.72682765,-1.212727443,TRUE,https://www.francescocangemi.com/icphs2027/vietti/0509.wav
510,4214,D01_02BF47_1,penso,front,e,ɛ,ita,f,372,2232,-0.48191111,1.342905552,FALSE,https://www.francescocangemi.com/icphs2027/vietti/0510.wav
511,8534,D10_20LF18_1,esempio,front,ɛ,ɛ,bil,f,443,2453,-0.539636435,1.109669356,TRUE,https://www.francescocangemi.com/icphs2027/vietti/0511.wav
512,5897,D03_05SGF21_1,sè,front,ɛ,ɛ,tyr,f,723,1972,1.124679982,0.365306014,TRUE,https://www.francescocangemi.com/icphs2027/vietti/0512.wav
513,7298,D11_21BM60_1,sensazione,back,o,o,ita,m,258.5,796.5,-0.849735028,-1.408913679,TRUE,https://www.francescocangemi.com/icphs2027/vietti/0513.wav
514,5733,D19_38BF21_1,queste,front,e,e,bil,f,378,2527,-0.720135894,1.573714619,TRUE,https://www.francescocangemi.com/icphs2027/vietti/0514.wav
515,6769,D19_37BM24_1,prevedeva,front,e,e,bil,m,278.5,2008.5,-0.608087871,1.090175448,TRUE,https://www.francescocangemi.com/icphs2027/vietti/0515.wav
516,4715,D17_34TF31_1,noi,back,o,o,bil,f,290.5,848.5,-0.702003631,-1.92602507,TRUE,https://www.francescocangemi.com/icphs2027/vietti/0516.wav
517,6204,D11_22BM51_1,sinceramente,front,e,e,ita,m,404,1805,0.051505967,0.764317699,TRUE,https://www.francescocangemi.com/icphs2027/vietti/0517.wav
518,4665,D17_33TM62_1,tedeschi,front,e,e,ita,m,290.5,1792,-0.387439641,1.035265177,TRUE,https://www.francescocangemi.com/icphs2027/vietti/0518.wav
519,4486,D01_02BF47_1,grattandomi,back,ɔ,ɔ,ita,f,374,1044,-0.470397494,-0.928821488,TRUE,https://www.francescocangemi.com/icphs2027/vietti/0519.wav
520,5198,D01_01BF47_1,però,back,ɔ,ɔ,ita,f,748.5,1347,1.228265436,-0.81265227,TRUE,https://www.francescocangemi.com/icphs2027/vietti/0520.wav
521,4654,D01_02BF47_1,devo,front,e,ɛ,ita,f,351,1832,-0.602804082,0.578014292,FALSE,https://www.francescocangemi.com/icphs2027/vietti/0521.wav
522,5678,D11_22BM51_1,è,front,ɛ,ɛ,ita,m,207,1703,-1.29524258,0.527454475,TRUE,https://www.francescocangemi.com/icphs2027/vietti/0522.wav
523,5453,D17_34TF31_1,vengono,front,e,ɛ,bil,f,319,2550,-0.537849558,1.409853683,FALSE,https://www.francescocangemi.com/icphs2027/vietti/0523.wav
524,6133,D19_37BM24_1,soffre,back,ɔ,ɔ,bil,m,488,878,0.783660188,-1.49643404,TRUE,https://www.francescocangemi.com/icphs2027/vietti/0524.wav
525,5625,D11_21BM60_1,praticamente,front,e,e,ita,m,330.5,1844.5,-0.333602974,0.884781954,TRUE,https://www.francescocangemi.com/icphs2027/vietti/0525.wav
526,5732,D05_09BF52_1,maniera,front,e,ɛ,ita,f,403,2295,-0.176025272,1.161171778,FALSE,https://www.francescocangemi.com/icphs2027/vietti/0526.wav
527,6366,D17_34TF31_1,però,back,ɔ,ɔ,bil,f,743,1473,1.904302264,-0.70166052,TRUE,https://www.francescocangemi.com/icphs2027/vietti/0527.wav
528,5479,D10_20LF18_1,possono,back,ɔ,ɔ,bil,f,543.5,1481.5,0.063783379,-0.66993384,TRUE,https://www.francescocangemi.com/icphs2027/vietti/0528.wav
529,5693,D17_34TF31_1,quella,front,e,e,bil,f,462,2304.5,0.285800702,0.928538236,TRUE,https://www.francescocangemi.com/icphs2027/vietti/0529.wav
530,7584,D11_21BM60_1,spingerei,front,ɛ,ɛ,ita,m,470,1696,0.666402881,0.559768785,TRUE,https://www.francescocangemi.com/icphs2027/vietti/0530.wav
531,7325,D19_38BF21_1,prove,back,ɔ,ɔ,bil,f,442,1070,-0.153740378,-1.410369236,TRUE,https://www.francescocangemi.com/icphs2027/vietti/0531.wav
532,4950,D11_21BM60_1,della,front,e,e,ita,m,418,1539,0.293640842,0.216152168,TRUE,https://www.francescocangemi.com/icphs2027/vietti/0532.wav
533,5560,D09_17BF59_1,perciò,back,o,ɔ,tyr,f,180,1145,-1.271398998,-1.126537532,FALSE,https://www.francescocangemi.com/icphs2027/vietti/0533.wav
534,4398,D20_39BF58_1,ho,back,ɔ,ɔ,tyr,f,383,1097,-0.343044635,-1.159882163,TRUE,https://www.francescocangemi.com/icphs2027/vietti/0534.wav
535,5849,D10_20LF18_1,devono,front,e,ɛ,bil,f,471.5,2291.5,-0.368517383,0.813832078,FALSE,https://www.francescocangemi.com/icphs2027/vietti/0535.wav
536,4896,D10_19LM18_1,sogno,back,ɔ,o,tyr,m,485.5,1243,0.551908707,-0.773666564,FALSE,https://www.francescocangemi.com/icphs2027/vietti/0536.wav
537,5723,D01_02BF47_1,sono,back,o,o,ita,f,371,1245,-0.487667918,-0.544463631,TRUE,https://www.francescocangemi.com/icphs2027/vietti/0537.wav
538,6595,D14_27BF49_1,tredici,front,e,e,tyr,f,322,2390,-0.869113265,1.833585012,TRUE,https://www.francescocangemi.com/icphs2027/vietti/0538.wav
539,4899,D17_34TF31_1,questa,front,e,e,bil,f,250,1528,-0.935275209,-0.593830175,TRUE,https://www.francescocangemi.com/icphs2027/vietti/0539.wav
540,4632,D05_10BF52_1,della,front,e,e,ita,f,471,1836,0.121117212,0.359310605,TRUE,https://www.francescocangemi.com/icphs2027/vietti/0540.wav
541,5947,D10_19LM18_1,ottimo,back,ɔ,ɔ,tyr,m,488,1287,0.572310437,-0.636782451,TRUE,https://www.francescocangemi.com/icphs2027/vietti/0541.wav
542,7642,D10_20LF18_1,sicuramente,front,ɛ,e,bil,f,411,2633,-0.731770107,1.439395116,FALSE,https://www.francescocangemi.com/icphs2027/vietti/0542.wav
543,6608,D17_33TM62_1,stretta,front,e,e,ita,m,328,1788.5,0.075195225,1.027026623,TRUE,https://www.francescocangemi.com/icphs2027/vietti/0543.wav
544,5311,D19_38BF21_1,po,back,ɔ,ɔ,bil,f,443,1158,-0.144890448,-1.230136306,TRUE,https://www.francescocangemi.com/icphs2027/vietti/0544.wav
545,5134,D19_38BF21_1,tedesca,front,e,e,bil,f,383,2246,-0.675886245,0.998198103,TRUE,https://www.francescocangemi.com/icphs2027/vietti/0545.wav
546,5490,D09_17BF59_1,poi,back,o,ɔ,tyr,f,450.5,1418.5,0.279778311,-0.578870652,FALSE,https://www.francescocangemi.com/icphs2027/vietti/0546.wav
547,4905,D09_17BF59_1,praticamente,front,e,e,tyr,f,341,2351,-0.348147439,1.288403081,TRUE,https://www.francescocangemi.com/icphs2027/vietti/0547.wav
548,6774,D03_05SGF21_1,è,front,ɛ,ɛ,tyr,f,966,2245.5,2.527769919,0.919949159,TRUE,https://www.francescocangemi.com/icphs2027/vietti/0548.wav
549,5564,D10_20LF18_1,ovviamente,front,e,e,bil,f,502.5,2500,-0.182387889,1.195764416,TRUE,https://www.francescocangemi.com/icphs2027/vietti/0549.wav
550,5370,D11_21BM60_1,posti,back,ɔ,o,ita,m,389,871.5,0.08575432,-1.244765613,FALSE,https://www.francescocangemi.com/icphs2027/vietti/0550.wav
551,4978,D11_21BM60_1,sardegna,front,e,e,ita,m,335,1914,-0.30134472,1.036892494,TRUE,https://www.francescocangemi.com/icphs2027/vietti/0551.wav
552,5686,D20_39BF58_1,è,front,ɛ,ɛ,tyr,f,385,2331,-0.330451143,1.224561435,TRUE,https://www.francescocangemi.com/icphs2027/vietti/0552.wav
553,5988,D17_34TF31_1,vengono,front,e,ɛ,bil,f,255,2543,-0.906476249,1.396129821,FALSE,https://www.francescocangemi.com/icphs2027/vietti/0553.wav
554,6468,D10_20LF18_1,nove,back,ɔ,ɔ,bil,f,521,933,-0.07131061,-1.674681502,TRUE,https://www.francescocangemi.com/icphs2027/vietti/0554.wav
555,4291,D07_13BF49_1,è,front,ɛ,ɛ,tyr,f,221,2154,-1.272327857,0.775875086,TRUE,https://www.francescocangemi.com/icphs2027/vietti/0555.wav
556,5423,D03_05SGF21_1,storia,back,ɔ,ɔ,tyr,f,677,1630.5,0.85907448,-0.327237437,TRUE,https://www.francescocangemi.com/icphs2027/vietti/0556.wav
557,5372,D05_09BF52_1,fuori,back,ɔ,ɔ,ita,f,512,1534.5,0.707688824,-0.499276304,TRUE,https://www.francescocangemi.com/icphs2027/vietti/0557.wav
558,4866,D10_19LM18_1,sei,front,e,ɛ,tyr,m,406,1623,-0.096866294,0.408514413,FALSE,https://www.francescocangemi.com/icphs2027/vietti/0558.wav
559,4509,D10_19LM18_1,diploma,back,ɔ,ɔ,tyr,m,548.5,997.5,1.066032294,-1.537417696,TRUE,https://www.francescocangemi.com/icphs2027/vietti/0559.wav
560,4610,D11_22BM51_1,ferie,front,ɛ,ɛ,ita,m,553.5,1580,1.07353088,0.241825294,TRUE,https://www.francescocangemi.com/icphs2027/vietti/0560.wav
561,4095,D09_17BF59_1,questo,front,e,e,tyr,f,307.5,2315,-0.540252577,1.216315301,TRUE,https://www.francescocangemi.com/icphs2027/vietti/0561.wav
562,5484,D10_20LF18_1,scegliermi,front,ɛ,e,bil,f,714,2062.5,1.087495599,0.394347639,FALSE,https://www.francescocangemi.com/icphs2027/vietti/0562.wav
563,5982,D11_21BM60_1,è,front,ɛ,ɛ,ita,m,466,1802.5,0.637728878,0.792859037,TRUE,https://www.francescocangemi.com/icphs2027/vietti/0563.wav
564,6078,D05_10BF52_1,questa,front,e,e,ita,f,346,2072,-0.658897966,0.88648624,TRUE,https://www.francescocangemi.com/icphs2027/vietti/0564.wav
565,5221,D19_38BF21_1,ho,back,ɔ,ɔ,bil,f,367.5,1741.5,-0.813060159,-0.035069093,TRUE,https://www.francescocangemi.com/icphs2027/vietti/0565.wav
566,5308,D20_39BF58_1,meno,front,e,e,tyr,f,397,1967.5,-0.254890191,0.522174686,TRUE,https://www.francescocangemi.com/icphs2027/vietti/0566.wav
567,6456,D11_21BM60_1,questo,front,e,e,ita,m,281,1693,-0.688443761,0.553202862,TRUE,https://www.francescocangemi.com/icphs2027/vietti/0567.wav
568,3386,D07_14BF45_1,vuol,back,ɔ,ɔ,tyr,f,363,1118,-0.764396862,-1.17131134,TRUE,https://www.francescocangemi.com/icphs2027/vietti/0568.wav
569,4923,D05_09BF52_1,perché,front,e,e,ita,f,431,2238.5,0.050983854,1.03781173,TRUE,https://www.francescocangemi.com/icphs2027/vietti/0569.wav
570,5628,D17_33TM62_1,loro,back,o,o,ita,m,340,753,0.223238382,-1.410408408,TRUE,https://www.francescocangemi.com/icphs2027/vietti/0570.wav
571,5232,D19_37BM24_1,ovviamente,front,e,e,bil,m,231,2193,-0.92363934,1.512315608,TRUE,https://www.francescocangemi.com/icphs2027/vietti/0571.wav
572,5754,D17_34TF31_1,allora,back,o,o,bil,f,492,1697,0.458594463,-0.262496935,TRUE,https://www.francescocangemi.com/icphs2027/vietti/0572.wav
573,4498,D10_19LM18_1,poi,back,ɔ,ɔ,tyr,m,476,1166,0.474382135,-1.013213763,TRUE,https://www.francescocangemi.com/icphs2027/vietti/0573.wav
574,6018,D19_38BF21_1,poi,back,ɔ,ɔ,bil,f,644,1528,1.633945469,-0.472338759,TRUE,https://www.francescocangemi.com/icphs2027/vietti/0574.wav
575,5517,D01_01BF47_1,casetta,front,e,e,ita,f,386,2420,-0.543874082,1.422531574,TRUE,https://www.francescocangemi.com/icphs2027/vietti/0575.wav
576,5443,D01_02BF47_1,provo,back,ɔ,ɔ,ita,f,833,1062,2.171977461,-0.894401382,TRUE,https://www.francescocangemi.com/icphs2027/vietti/0576.wav
577,4244,D01_01BF47_1,pidocchi,back,ɔ,ɔ,ita,f,508,981,0.052542528,-1.575072854,TRUE,https://www.francescocangemi.com/icphs2027/vietti/0577.wav
578,7056,D11_21BM60_1,agricoltori,back,o,o,ita,m,295,698,-0.58808475,-1.624494804,TRUE,https://www.francescocangemi.com/icphs2027/vietti/0578.wav
579,5116,D07_13BF49_1,penso,front,e,ɛ,tyr,f,419,2352.5,-0.057140636,1.153075576,FALSE,https://www.francescocangemi.com/icphs2027/vietti/0579.wav
580,5864,D05_09BF52_1,sentono,front,e,ɛ,ita,f,331,2517,-0.759763023,1.645878516,FALSE,https://www.francescocangemi.com/icphs2027/vietti/0580.wav
581,5250,D17_33TM62_1,proprio,back,ɔ,ɔ,ita,m,224.5,769,-1.201677005,-1.372746447,TRUE,https://www.francescocangemi.com/icphs2027/vietti/0581.wav
582,6813,D11_22BM51_1,esercenti,front,e,ɛ,ita,m,403,1927.5,0.04466968,1.048785786,FALSE,https://www.francescocangemi.com/icphs2027/vietti/0582.wav
583,5863,D20_39BF58_1,molto,back,o,o,tyr,f,330,807,-0.676772173,-1.720245731,TRUE,https://www.francescocangemi.com/icphs2027/vietti/0583.wav
584,4169,D09_17BF59_1,come,back,o,o,tyr,f,311,834,-0.520181891,-1.749295849,TRUE,https://www.francescocangemi.com/icphs2027/vietti/0584.wav
585,6377,D05_10BF52_1,perché,front,e,e,ita,f,398.5,2231,-0.331291591,1.241659655,TRUE,https://www.francescocangemi.com/icphs2027/vietti/0585.wav
586,6440,D11_22BM51_1,è,front,ɛ,ɛ,ita,m,500,1553,0.707789523,0.179126205,TRUE,https://www.francescocangemi.com/icphs2027/vietti/0586.wav
587,6567,D19_37BM24_1,forse,back,o,o,bil,m,240.5,916,-0.860529047,-1.409489183,TRUE,https://www.francescocangemi.com/icphs2027/vietti/0587.wav
588,5715,D19_37BM24_1,funziona,back,ɔ,o,bil,m,386.5,1106,0.109376522,-0.974764899,FALSE,https://www.francescocangemi.com/icphs2027/vietti/0588.wav
589,7484,D19_38BF21_1,poi,back,ɔ,ɔ,bil,f,527,1339,0.598503666,-0.859429938,TRUE,https://www.francescocangemi.com/icphs2027/vietti/0589.wav
590,6473,D05_09BF52_1,cose,back,ɔ,ɔ,ita,f,410,1338,-0.119272991,-0.928307268,TRUE,https://www.francescocangemi.com/icphs2027/vietti/0590.wav
591,4045,D07_13BF49_1,nostri,back,ɔ,ɔ,tyr,f,203,1296,-1.382799422,-0.854543153,TRUE,https://www.francescocangemi.com/icphs2027/vietti/0591.wav
592,5648,D20_39BF58_1,avrei,front,ɛ,ɛ,tyr,f,470.5,2210,0.207920639,0.990754567,TRUE,https://www.francescocangemi.com/icphs2027/vietti/0592.wav
593,5630,D14_27BF49_1,nuovo,back,ɔ,ɔ,tyr,f,405.5,1144,-0.337864594,-0.910469658,TRUE,https://www.francescocangemi.com/icphs2027/vietti/0593.wav
594,5418,D11_22BM51_1,ernesto,front,ɛ,ɛ,ita,m,545.5,1762,1.018840584,0.664463595,TRUE,https://www.francescocangemi.com/icphs2027/vietti/0594.wav
595,6504,D11_22BM51_1,ambiente,front,e,ɛ,ita,m,349,2045,-0.32448982,1.321642931,FALSE,https://www.francescocangemi.com/icphs2027/vietti/0595.wav
596,5050,D01_02BF47_1,avere,front,e,e,ita,f,456.5,1820,0.004539181,0.555067555,TRUE,https://www.francescocangemi.com/icphs2027/vietti/0596.wav
597,7244,D10_20LF18_1,è,front,ɛ,ɛ,bil,f,588.5,2268,0.333971355,0.770784548,TRUE,https://www.francescocangemi.com/icphs2027/vietti/0597.wav
598,5853,D17_33TM62_1,allora,back,o,o,ita,m,385,1058,0.778400221,-0.692477279,TRUE,https://www.francescocangemi.com/icphs2027/vietti/0598.wav
599,7765,D10_20LF18_1,mobile,back,ɔ,ɔ,bil,f,410,1004,-0.737774284,-1.544623007,TRUE,https://www.francescocangemi.com/icphs2027/vietti/0599.wav
600,6774,D05_09BF52_1,lei,front,ɛ,ɛ,ita,f,510,1881,0.691473886,0.257259212,TRUE,https://www.francescocangemi.com/icphs2027/vietti/0600.wav
601,6295,D10_19LM18_1,europa,back,ɔ,ɔ,tyr,m,472.5,1046.5,0.445819713,-1.38497857,TRUE,https://www.francescocangemi.com/icphs2027/vietti/0601.wav
602,4376,D01_02BF47_1,tempi,front,e,ɛ,ita,f,390,1394.5,-0.378288563,-0.258585522,FALSE,https://www.francescocangemi.com/icphs2027/vietti/0602.wav
603,6158,D19_37BM24_1,ovviamente,front,e,e,bil,m,210.5,1948,-1.059824711,0.951750084,TRUE,https://www.francescocangemi.com/icphs2027/vietti/0603.wav
604,3844,D07_13BF49_1,è,front,ɛ,ɛ,tyr,f,284,2191,-0.885677378,0.846184497,TRUE,https://www.francescocangemi.com/icphs2027/vietti/0604.wav
605,7113,D11_21BM60_1,viene,front,e,ɛ,ita,m,322.5,1896.5,-0.39095098,0.998591279,FALSE,https://www.francescocangemi.com/icphs2027/vietti/0605.wav
606,4903,D05_09BF52_1,persone,back,o,o,ita,f,371,881,-0.435464273,-1.926104472,TRUE,https://www.francescocangemi.com/icphs2027/vietti/0606.wav
607,6188,D19_38BF21_1,essere,front,ɛ,ɛ,bil,f,547,1811,0.775502265,0.10727396,TRUE,https://www.francescocangemi.com/icphs2027/vietti/0607.wav
608,4864,D03_05SGF21_1,genitori,back,o,o,tyr,f,385,1644,-0.826943057,-0.29986017,TRUE,https://www.francescocangemi.com/icphs2027/vietti/0608.wav
609,4287,D05_10BF52_1,praticamente,front,ɛ,e,ita,f,547,2211.5,0.59536644,1.198100651,FALSE,https://www.francescocangemi.com/icphs2027/vietti/0609.wav
610,4053,D05_10BF52_1,praticamente,front,e,e,ita,f,278,2451,-1.083226222,1.733094569,TRUE,https://www.francescocangemi.com/icphs2027/vietti/0610.wav
611,5183,D11_22BM51_1,sicuramente,front,e,e,ita,m,391,1975,-0.037365764,1.159089738,TRUE,https://www.francescocangemi.com/icphs2027/vietti/0611.wav
612,7075,D17_34TF31_1,diretti,front,ɛ,ɛ,bil,f,419,2003,0.038129645,0.337431892,TRUE,https://www.francescocangemi.com/icphs2027/vietti/0612.wav
613,6764,D03_05SGF21_1,perché,front,e,e,tyr,f,413.5,2148,-0.662383126,0.722224454,TRUE,https://www.francescocangemi.com/icphs2027/vietti/0613.wav
614,5426,D20_39BF58_1,detto,front,e,e,tyr,f,398,1749,-0.248593445,0.099969722,TRUE,https://www.francescocangemi.com/icphs2027/vietti/0614.wav
615,4210,D20_39BF58_1,lei,front,ɛ,ɛ,tyr,f,561,2291,0.777776151,1.147269908,TRUE,https://www.francescocangemi.com/icphs2027/vietti/0615.wav
616,5862,D05_10BF52_1,loro,back,o,o,ita,f,361.5,1034,-0.562176084,-1.432193036,TRUE,https://www.francescocangemi.com/icphs2027/vietti/0616.wav
617,4632,D10_19LM18_1,interessa,front,ɛ,ɛ,tyr,m,506.5,1650.5,0.723283236,0.494066984,TRUE,https://www.francescocangemi.com/icphs2027/vietti/0617.wav
618,6889,D10_20LF18_1,esempio,front,e,ɛ,bil,f,403.5,2191.5,-0.776801436,0.6306511,FALSE,https://www.francescocangemi.com/icphs2027/vietti/0618.wav
619,7054,D17_34TF31_1,detto,front,e,e,bil,f,410,2253.5,-0.013708483,0.828550098,TRUE,https://www.francescocangemi.com/icphs2027/vietti/0619.wav
620,5055,D19_37BM24_1,poi,back,ɔ,ɔ,bil,m,433.5,942.5,0.421606397,-1.348856585,TRUE,https://www.francescocangemi.com/icphs2027/vietti/0620.wav
621,6235,D19_38BF21_1,questo,front,e,e,bil,f,387,2299.5,-0.640486525,1.107771532,TRUE,https://www.francescocangemi.com/icphs2027/vietti/0621.wav
622,6548,D17_33TM62_1,vogliono,back,ɔ,ɔ,ita,m,323,939,0.013510576,-0.972588113,TRUE,https://www.francescocangemi.com/icphs2027/vietti/0622.wav
623,4483,D20_39BF58_1,sono,back,o,o,tyr,f,360,1244.5,-0.487869793,-0.874869658,TRUE,https://www.francescocangemi.com/icphs2027/vietti/0623.wav
624,4451,D07_13BF49_1,persona,back,o,o,tyr,f,278,892,-0.922501233,-1.622245914,TRUE,https://www.francescocangemi.com/icphs2027/vietti/0624.wav
625,5035,D11_22BM51_1,persone,back,ɔ,o,ita,m,104,1091,-1.999380146,-0.893724866,FALSE,https://www.francescocangemi.com/icphs2027/vietti/0625.wav
626,5686,D01_02BF47_1,poi,back,ɔ,ɔ,ita,f,478,1196,0.128310557,-0.63816281,TRUE,https://www.francescocangemi.com/icphs2027/vietti/0626.wav
627,5982,D17_34TF31_1,colleghi,front,ɛ,ɛ,bil,f,721.5,2214.5,1.780466735,0.752088581,TRUE,https://www.francescocangemi.com/icphs2027/vietti/0627.wav
628,5142,D17_34TF31_1,come,back,o,o,bil,f,378,1003,-0.198021828,-1.623119829,TRUE,https://www.francescocangemi.com/icphs2027/vietti/0628.wav
629,4727,D11_22BM51_1,però,back,ɔ,ɔ,ita,m,198,841,-1.356769164,-1.474271982,TRUE,https://www.francescocangemi.com/icphs2027/vietti/0629.wav
630,5074,D11_21BM60_1,sono,back,o,o,ita,m,300,698,-0.552242247,-1.624494804,TRUE,https://www.francescocangemi.com/icphs2027/vietti/0630.wav
631,5223,D07_13BF49_1,sempre,front,e,ɛ,tyr,f,451.5,2364,0.142321912,1.174928502,FALSE,https://www.francescocangemi.com/icphs2027/vietti/0631.wav
632,6271,D17_34TF31_1,tedesco,front,e,e,bil,f,417,2613,0.026610061,1.533368442,TRUE,https://www.francescocangemi.com/icphs2027/vietti/0632.wav
633,5860,D19_37BM24_1,nella,front,e,e,bil,m,362,1730.5,-0.053381604,0.454105181,TRUE,https://www.francescocangemi.com/icphs2027/vietti/0633.wav
634,6115,D20_39BF58_1,po,back,o,ɔ,tyr,f,421,1080,-0.103768288,-1.192731061,FALSE,https://www.francescocangemi.com/icphs2027/vietti/0634.wav
635,7048,D17_34TF31_1,perché,front,e,e,bil,f,420,2091,0.043889437,0.509960443,TRUE,https://www.francescocangemi.com/icphs2027/vietti/0635.wav
636,5124,D11_22BM51_1,questa,front,e,e,ita,m,285,1823,-0.762012191,0.806117091,TRUE,https://www.francescocangemi.com/icphs2027/vietti/0636.wav
637,8186,D10_20LF18_1,sono,back,o,o,bil,f,447.5,1640.5,-0.512617637,-0.378676086,TRUE,https://www.francescocangemi.com/icphs2027/vietti/0637.wav
638,5685,D19_37BM24_1,secondo,back,o,o,bil,m,365,918,-0.033452038,-1.404913138,TRUE,https://www.francescocangemi.com/icphs2027/vietti/0638.wav
639,5364,D01_01BF47_1,è,front,ɛ,ɛ,ita,f,869,2004,1.817349055,0.555955172,TRUE,https://www.francescocangemi.com/icphs2027/vietti/0639.wav
640,6008,D14_27BF49_1,stessa,front,e,e,tyr,f,411,2019,-0.302872167,1.016535026,TRUE,https://www.francescocangemi.com/icphs2027/vietti/0640.wav
641,6529,D19_37BM24_1,interessa,front,ɛ,ɛ,bil,m,565,1620,1.295185727,0.201278689,TRUE,https://www.francescocangemi.com/icphs2027/vietti/0641.wav
642,4315,D10_19LM18_1,cose,back,ɔ,ɔ,tyr,m,535.5,1105.5,0.9599433,-1.201429418,TRUE,https://www.francescocangemi.com/icphs2027/vietti/0642.wav
643,5106,D17_34TF31_1,lavoro,back,o,o,bil,f,347,878.5,-0.376575381,-1.867208518,TRUE,https://www.francescocangemi.com/icphs2027/vietti/0643.wav
644,7841,D10_20LF18_1,dentro,front,e,e,bil,f,527,2490,-0.035285546,1.177446318,TRUE,https://www.francescocangemi.com/icphs2027/vietti/0644.wav
645,6423,D05_10BF52_1,veramente,front,ɛ,e,ita,f,440.5,1853,-0.069206491,0.397285121,FALSE,https://www.francescocangemi.com/icphs2027/vietti/0645.wav
646,5671,D14_27BF49_1,volta,back,ɔ,ɔ,tyr,f,572,1014.5,0.721451617,-1.195666351,TRUE,https://www.francescocangemi.com/icphs2027/vietti/0646.wav
647,5890,D20_39BF58_1,persone,back,o,o,tyr,f,332.5,926,-0.661030308,-1.490303439,TRUE,https://www.francescocangemi.com/icphs2027/vietti/0647.wav
648,3973,D07_14BF45_1,deve,front,e,ɛ,tyr,f,368,2390.5,-0.741895839,1.146744043,FALSE,https://www.francescocangemi.com/icphs2027/vietti/0648.wav
649,4446,D03_05SGF21_1,riesci,front,e,ɛ,tyr,f,471,2364.5,-0.330376248,1.161274695,FALSE,https://www.francescocangemi.com/icphs2027/vietti/0649.wav
650,7619,D10_20LF18_1,proposta,back,ɔ,o,bil,f,648,1002,0.691219901,-1.548286627,FALSE,https://www.francescocangemi.com/icphs2027/vietti/0650.wav
651,6558,D19_38BF21_1,delle,front,e,e,bil,f,440,1986,-0.171440238,0.465691719,TRUE,https://www.francescocangemi.com/icphs2027/vietti/0651.wav
652,4172,D10_19LM18_1,risposto,back,ɔ,o,tyr,m,526,1255,0.882416727,-0.736334534,FALSE,https://www.francescocangemi.com/icphs2027/vietti/0652.wav
653,5049,D17_33TM62_1,aumentano,front,e,e,ita,m,290,1748,-0.393608106,0.931694785,TRUE,https://www.francescocangemi.com/icphs2027/vietti/0653.wav
654,4948,D09_17BF59_1,mondo,back,o,o,tyr,f,241,799,-0.921595613,-1.81938119,TRUE,https://www.francescocangemi.com/icphs2027/vietti/0654.wav
655,4326,D05_10BF52_1,era,front,ɛ,ɛ,ita,f,621,1595,1.057135425,-0.179034006,TRUE,https://www.francescocangemi.com/icphs2027/vietti/0655.wav
656,5217,D07_13BF49_1,sera,front,e,e,tyr,f,438,2389,0.059468238,1.222434861,TRUE,https://www.francescocangemi.com/icphs2027/vietti/0656.wav
657,4453,D17_34TF31_1,tedeschi,front,e,e,bil,f,351.5,2522,-0.350656317,1.354958235,TRUE,https://www.francescocangemi.com/icphs2027/vietti/0657.wav
658,4352,D14_27BF49_1,curioso,back,o,o,tyr,f,347.5,1467.5,-0.706875647,-0.198028498,TRUE,https://www.francescocangemi.com/icphs2027/vietti/0658.wav
659,5406,D11_21BM60_1,volte,back,ɔ,ɔ,ita,m,342,717,-0.251165215,-1.582910628,TRUE,https://www.francescocangemi.com/icphs2027/vietti/0659.wav
660,6024,D11_22BM51_1,c'è,front,ɛ,ɛ,ita,m,508.5,1471.5,0.765897963,-0.010132155,TRUE,https://www.francescocangemi.com/icphs2027/vietti/0660.wav
661,8116,D10_20LF18_1,della,front,e,e,bil,f,543,1782.5,0.06078129,-0.118559098,TRUE,https://www.francescocangemi.com/icphs2027/vietti/0661.wav
662,7267,D10_20LF18_1,ora,back,o,o,bil,f,389.5,862.5,-0.860859918,-1.803824091,TRUE,https://www.francescocangemi.com/icphs2027/vietti/0662.wav
663,5239,D01_01BF47_1,preso,front,e,e,ita,f,348,1602,-0.72964319,-0.281457601,TRUE,https://www.francescocangemi.com/icphs2027/vietti/0663.wav
664,5157,D14_27BF49_1,erano,front,ɛ,ɛ,tyr,f,569,1663,0.702364839,0.232519406,TRUE,https://www.francescocangemi.com/icphs2027/vietti/0664.wav
665,5224,D11_22BM51_1,ricordo,back,ɔ,ɔ,ita,m,528,1070,0.89920556,-0.942490824,TRUE,https://www.francescocangemi.com/icphs2027/vietti/0665.wav
666,5339,D11_21BM60_1,ripeto,front,ɛ,ɛ,ita,m,583.5,1585.5,1.480027716,0.317923968,TRUE,https://www.francescocangemi.com/icphs2027/vietti/0666.wav
667,4678,D01_02BF47_1,poi,back,ɔ,ɔ,ita,f,381,1133,-0.430099837,-0.758633183,TRUE,https://www.francescocangemi.com/icphs2027/vietti/0667.wav
668,4645,D01_02BF47_1,moduli,back,ɔ,ɔ,ita,f,414,929,-0.240125167,-1.148727725,TRUE,https://www.francescocangemi.com/icphs2027/vietti/0668.wav
669,6516,D14_27BF49_1,tuttora,back,o,o,tyr,f,347,739,-0.710056777,-1.80239754,TRUE,https://www.francescocangemi.com/icphs2027/vietti/0669.wav
670,4827,D01_01BF47_1,sei,front,ɛ,ɛ,ita,f,396,1878.5,-0.494987475,0.29452407,TRUE,https://www.francescocangemi.com/icphs2027/vietti/0670.wav
671,7242,D10_20LF18_1,poi,back,ɔ,ɔ,bil,f,628.5,1282,0.574138445,-1.03537989,TRUE,https://www.francescocangemi.com/icphs2027/vietti/0671.wav
672,4230,D07_13BF49_1,può,back,ɔ,ɔ,tyr,f,368,1366,-0.370143405,-0.721525348,TRUE,https://www.francescocangemi.com/icphs2027/vietti/0672.wav
673,4614,D01_02BF47_1,allora,back,o,o,ita,f,399.5,1032,-0.323598885,-0.951768226,TRUE,https://www.francescocangemi.com/icphs2027/vietti/0673.wav
674,4647,D17_34TF31_1,però,back,o,ɔ,bil,f,229,1211,-1.056230842,-1.215325071,FALSE,https://www.francescocangemi.com/icphs2027/vietti/0674.wav
675,4529,D01_02BF47_1,veramente,front,ɛ,e,ita,f,438,2070,-0.10196177,1.033124592,FALSE,https://www.francescocangemi.com/icphs2027/vietti/0675.wav
676,4346,D01_02BF47_1,dei,front,e,e,ita,f,364.5,2288,-0.525087172,1.449990328,TRUE,https://www.francescocangemi.com/icphs2027/vietti/0676.wav
677,5377,D05_10BF52_1,però,back,ɔ,ɔ,ita,f,593,1149,0.882412025,-1.175306604,TRUE,https://www.francescocangemi.com/icphs2027/vietti/0677.wav
678,3994,D09_17BF59_1,solo,back,o,o,tyr,f,336,803,-0.376819848,-1.811371437,TRUE,https://www.francescocangemi.com/icphs2027/vietti/0678.wav
679,7138,D10_20LF18_1,bere,front,e,e,bil,f,564,2023,0.186869012,0.321991153,TRUE,https://www.francescocangemi.com/icphs2027/vietti/0679.wav
680,3306,D07_14BF45_1,secondo,back,o,o,tyr,f,323,1098,-0.944405045,-1.20774443,TRUE,https://www.francescocangemi.com/icphs2027/vietti/0680.wav
681,6100,D05_10BF52_1,veramente,front,ɛ,e,ita,f,567.5,2160,0.723288929,1.083060205,FALSE,https://www.francescocangemi.com/icphs2027/vietti/0681.wav
682,7356,D11_21BM60_1,delle,front,e,e,ita,m,337,1719,-0.287007719,0.610107525,TRUE,https://www.francescocangemi.com/icphs2027/vietti/0682.wav
683,6719,D19_37BM24_1,sei,front,ɛ,ɛ,bil,m,458,1754,0.584364523,0.50787371,TRUE,https://www.francescocangemi.com/icphs2027/vietti/0683.wav
684,4883,D09_17BF59_1,sopra,back,o,o,tyr,f,308.5,770,-0.534518096,-1.877451901,TRUE,https://www.francescocangemi.com/icphs2027/vietti/0684.wav
685,5957,D05_10BF52_1,però,back,ɔ,ɔ,ita,f,682,1096.5,1.437782832,-1.292580845,TRUE,https://www.francescocangemi.com/icphs2027/vietti/0685.wav
686,4847,D01_01BF47_1,delle,front,e,e,ita,f,494,1863,-0.015898722,0.262235767,TRUE,https://www.francescocangemi.com/icphs2027/vietti/0686.wav
687,4341,D10_19LM18_1,poi,back,ɔ,ɔ,tyr,m,508,1210,0.735524274,-0.876329649,TRUE,https://www.francescocangemi.com/icphs2027/vietti/0687.wav
688,4855,D14_27BF49_1,quelle,front,ɛ,e,tyr,f,491,1564,0.206108595,0.01449259,FALSE,https://www.francescocangemi.com/icphs2027/vietti/0688.wav
689,5293,D11_22BM51_1,accettano,front,ɛ,ɛ,ita,m,474,1417,0.53004606,-0.136691426,TRUE,https://www.francescocangemi.com/icphs2027/vietti/0689.wav
690,3802,D09_17BF59_1,oggi,back,ɔ,ɔ,tyr,f,647,1349,1.406603971,-0.718040115,TRUE,https://www.francescocangemi.com/icphs2027/vietti/0690.wav
691,5714,D05_10BF52_1,è,front,ɛ,ɛ,ita,f,242.5,1284.5,-1.304750533,-0.872627373,TRUE,https://www.francescocangemi.com/icphs2027/vietti/0691.wav
692,4970,D20_39BF58_1,ho,back,ɔ,ɔ,tyr,f,512,1097.5,0.469235597,-1.158916019,TRUE,https://www.francescocangemi.com/icphs2027/vietti/0692.wav
693,6091,D05_10BF52_1,senti,front,ɛ,ɛ,ita,f,356,2128,-0.596496751,1.011578763,TRUE,https://www.francescocangemi.com/icphs2027/vietti/0693.wav
694,3254,D07_14BF45_1,bicicletta,front,e,e,tyr,f,446.5,2391.5,-0.38862978,1.148565698,TRUE,https://www.francescocangemi.com/icphs2027/vietti/0694.wav
695,4426,D03_05SGF21_1,sarebbe,front,ɛ,ɛ,tyr,f,670.5,1683,0.821543267,-0.220770288,TRUE,https://www.francescocangemi.com/icphs2027/vietti/0695.wav
696,4383,D20_39BF58_1,praticamente,front,e,e,tyr,f,301,2585.5,-0.859377806,1.716328773,TRUE,https://www.francescocangemi.com/icphs2027/vietti/0696.wav
697,6468,D03_05SGF21_1,ho,back,ɔ,ɔ,tyr,f,651,974,0.708949631,-1.658583778,TRUE,https://www.francescocangemi.com/icphs2027/vietti/0697.wav
698,4691,D07_14BF45_1,festeggio,front,e,e,tyr,f,423.5,2359,-0.492134485,1.089361926,TRUE,https://www.francescocangemi.com/icphs2027/vietti/0698.wav
699,3939,D07_13BF49_1,superiori,back,o,o,tyr,f,338,672,-0.554262681,-2.040301872,TRUE,https://www.francescocangemi.com/icphs2027/vietti/0699.wav
700,6590,D03_05SGF21_1,ritrovo,back,ɔ,ɔ,tyr,f,627.5,1215.5,0.573259863,-1.168834895,TRUE,https://www.francescocangemi.com/icphs2027/vietti/0700.wav
701,6617,D17_33TM62_1,vogliono,back,ɔ,ɔ,ita,m,394,824,0.889432588,-1.243283457,TRUE,https://www.francescocangemi.com/icphs2027/vietti/0701.wav
702,5642,D01_01BF47_1,perché,front,e,e,ita,f,400.5,2364.5,-0.472988502,1.306918617,TRUE,https://www.francescocangemi.com/icphs2027/vietti/0702.wav
703,5895,D17_34TF31_1,cerco,front,e,e,bil,f,373,2288,-0.226820789,0.896189132,TRUE,https://www.francescocangemi.com/icphs2027/vietti/0703.wav
704,4323,D10_19LM18_1,proprio,back,o,ɔ,tyr,m,422,1081,0.033704775,-1.277648981,FALSE,https://www.francescocangemi.com/icphs2027/vietti/0704.wav
705,4554,D14_27BF49_1,quello,front,ɛ,e,tyr,f,444,1425.5,-0.092917602,-0.290524723,FALSE,https://www.francescocangemi.com/icphs2027/vietti/0705.wav
706,4342,D01_02BF47_1,copriletti,front,ɛ,ɛ,ita,f,797,2228.5,1.964732367,1.336212753,TRUE,https://www.francescocangemi.com/icphs2027/vietti/0706.wav
707,6180,D01_01BF47_1,è,front,ɛ,ɛ,ita,f,635,1937.5,0.673402442,0.41742793500000003,TRUE,https://www.francescocangemi.com/icphs2027/vietti/0707.wav
708,6159,D17_33TM62_1,ponte,back,o,o,ita,m,274,572,-0.590998982,-1.836459341,TRUE,https://www.francescocangemi.com/icphs2027/vietti/0708.wav
709,7589,D10_20LF18_1,forse,back,ɔ,o,bil,f,539,1408,0.036764581,-0.804571858,FALSE,https://www.francescocangemi.com/icphs2027/vietti/0709.wav
710,7486,D11_21BM60_1,come,back,o,o,ita,m,329,572,-0.344355725,-1.900263554,TRUE,https://www.francescocangemi.com/icphs2027/vietti/0710.wav
711,4221,D03_05SGF21_1,secondo,back,ɔ,o,tyr,f,592,1308,0.368281704,-0.981249919,FALSE,https://www.francescocangemi.com/icphs2027/vietti/0711.wav
712,4572,D17_33TM62_1,sembra,front,e,e,ita,m,331.5,1295.5,0.118374479,-0.133432547,TRUE,https://www.francescocangemi.com/icphs2027/vietti/0712.wav
713,4869,D11_22BM51_1,pezzo,front,ɛ,ɛ,ita,m,575.5,1666,1.223929195,0.441533502,TRUE,https://www.francescocangemi.com/icphs2027/vietti/0713.wav
714,4970,D14_27BF49_1,mentre,front,e,e,tyr,f,417,1653,-0.26469861,0.210496495,TRUE,https://www.francescocangemi.com/icphs2027/vietti/0714.wav
715,6745,D19_37BM24_1,ancora,back,o,o,bil,m,327.5,1092,-0.282571619,-1.006797215,TRUE,https://www.francescocangemi.com/icphs2027/vietti/0715.wav
716,4515,D20_39BF58_1,perso,front,ɛ,ɛ,tyr,f,573.5,2083,0.856485476,0.74535397,TRUE,https://www.francescocangemi.com/icphs2027/vietti/0716.wav
717,5103,D19_38BF21_1,studenti,front,e,ɛ,bil,f,322,2474,-1.215731971,1.46516524,FALSE,https://www.francescocangemi.com/icphs2027/vietti/0717.wav
718,6634,D03_05SGF21_1,molto,back,o,o,tyr,f,314.5,1982,-1.23401236,0.385585471,TRUE,https://www.francescocangemi.com/icphs2027/vietti/0718.wav
719,5797,D11_22BM51_1,scherzi,front,ɛ,e,ita,m,455,1667,0.400156606,0.443855691,FALSE,https://www.francescocangemi.com/icphs2027/vietti/0719.wav
720,4806,D07_13BF49_1,robette,front,e,e,tyr,f,325,2122.5,-0.634047701,0.716017074,TRUE,https://www.francescocangemi.com/icphs2027/vietti/0720.wav
721,7361,D19_38BF21_1,degli,front,e,e,bil,f,414.5,2448.5,-0.397113452,1.412938653,TRUE,https://www.francescocangemi.com/icphs2027/vietti/0721.wav
722,5788,D19_37BM24_1,nella,front,e,e,bil,m,320.5,1587,-0.329073941,0.125773945,TRUE,https://www.francescocangemi.com/icphs2027/vietti/0722.wav
723,4951,D19_38BF21_1,licei,front,ɛ,ɛ,bil,f,627.5,2152.5,1.487921625,0.806700615,TRUE,https://www.francescocangemi.com/icphs2027/vietti/0723.wav
724,5275,D14_27BF49_1,allora,back,ɔ,o,tyr,f,436.5,1079.5,-0.140634549,-1.052517432,FALSE,https://www.francescocangemi.com/icphs2027/vietti/0724.wav
725,5784,D10_20LF18_1,devono,front,ɛ,ɛ,bil,f,526,2231,-0.041289723,0.703007586,TRUE,https://www.francescocangemi.com/icphs2027/vietti/0725.wav
726,4538,D17_34TF31_1,questo,front,e,e,bil,f,219,2082,-1.113828762,0.492315478,TRUE,https://www.francescocangemi.com/icphs2027/vietti/0726.wav
727,5175,D11_21BM60_1,è,front,e,ɛ,ita,m,386.5,1823.5,0.067833068,0.838820496,FALSE,https://www.francescocangemi.com/icphs2027/vietti/0727.wav
728,6021,D19_37BM24_1,questa,front,e,e,bil,m,317,1958,-0.352325101,0.97463031,TRUE,https://www.francescocangemi.com/icphs2027/vietti/0728.wav
729,5972,D20_39BF58_1,fuori,back,ɔ,ɔ,tyr,f,487,836,0.311816948,-1.664209374,TRUE,https://www.francescocangemi.com/icphs2027/vietti/0729.wav
730,4384,D01_01BF47_1,posto,back,ɔ,o,ita,f,584,891,0.424080744,-1.762553326,FALSE,https://www.francescocangemi.com/icphs2027/vietti/0730.wav
731,5700,D19_38BF21_1,gioco,back,ɔ,ɔ,bil,f,562,1124.5,0.908251214,-1.298747706,TRUE,https://www.francescocangemi.com/icphs2027/vietti/0731.wav
732,6630,D10_20LF18_1,è,front,ɛ,ɛ,bil,f,607.5,2138,0.448050722,0.532649277,TRUE,https://www.francescocangemi.com/icphs2027/vietti/0732.wav
733,6542,D17_33TM62_1,cosa,back,ɔ,ɔ,ita,m,374,842,0.642693993,-1.200913751,TRUE,https://www.francescocangemi.com/icphs2027/vietti/0733.wav
734,5749,D20_39BF58_1,almeno,front,e,e,tyr,f,302.5,2714.5,-0.849932687,1.965593947,TRUE,https://www.francescocangemi.com/icphs2027/vietti/0734.wav
735,6033,D03_05SGF21_1,è,front,ɛ,ɛ,tyr,f,744,1952,1.245934668,0.324747101,TRUE,https://www.francescocangemi.com/icphs2027/vietti/0735.wav
736,5977,D17_33TM62_1,terra,front,ɛ,ɛ,ita,m,450,1513.5,1.580300655,0.379711671,TRUE,https://www.francescocangemi.com/icphs2027/vietti/0736.wav
737,4850,D19_37BM24_1,sei,front,ɛ,ɛ,bil,m,475.5,1769.5,0.700620327,0.54333806,TRUE,https://www.francescocangemi.com/icphs2027/vietti/0737.wav
738,6929,D19_38BF21_1,perché,front,e,e,bil,f,414,2257,-0.401538417,1.02072722,TRUE,https://www.francescocangemi.com/icphs2027/vietti/0738.wav
739,5268,D11_21BM60_1,certo,front,e,ɛ,ita,m,443,1317,0.47285336,-0.269726105,FALSE,https://www.francescocangemi.com/icphs2027/vietti/0739.wav
740,5060,D01_02BF47_1,nuvoletta,front,e,e,ita,f,390,2236,-0.378288563,1.350554464,TRUE,https://www.francescocangemi.com/icphs2027/vietti/0740.wav
741,5024,D20_39BF58_1,festa,front,ɛ,ɛ,tyr,f,492,1918,0.343300678,0.426526422,TRUE,https://www.francescocangemi.com/icphs2027/vietti/0741.wav
742,5688,D19_38BF21_1,mettersi,front,e,e,bil,f,417.5,1951,-0.370563662,0.394008167,TRUE,https://www.francescocangemi.com/icphs2027/vietti/0742.wav
743,5780,D05_10BF52_1,è,front,ɛ,ɛ,ita,f,608.5,1707.5,0.979133907,0.072267939,TRUE,https://www.francescocangemi.com/icphs2027/vietti/0743.wav
744,5155,D19_38BF21_1,nella,front,e,e,bil,f,441,1827.5,-0.162590308,0.141067634,TRUE,https://www.francescocangemi.com/icphs2027/vietti/0744.wav
745,5708,D01_01BF47_1,della,front,e,e,ita,f,419,2088,-0.382548278,0.730936946,TRUE,https://www.francescocangemi.com/icphs2027/vietti/0745.wav
746,6440,D05_10BF52_1,cosa,back,o,ɔ,ita,f,423.5,1251,-0.175288555,-0.947459507,FALSE,https://www.francescocangemi.com/icphs2027/vietti/0746.wav
747,6530,D17_33TM62_1,aspetto,front,ɛ,ɛ,ita,m,312,1613,-0.122195652,0.61392199,TRUE,https://www.francescocangemi.com/icphs2027/vietti/0747.wav
748,5667,D20_39BF58_1,siccome,back,o,o,tyr,f,372,768,-0.412308841,-1.795604969,TRUE,https://www.francescocangemi.com/icphs2027/vietti/0748.wav
749,7705,D10_20LF18_1,centro,front,e,ɛ,bil,f,400,2608,-0.797816057,1.393599871,FALSE,https://www.francescocangemi.com/icphs2027/vietti/0749.wav
750,5918,D10_19LM18_1,voglio,back,o,ɔ,tyr,m,406,1240,-0.096866294,-0.782999572,FALSE,https://www.francescocangemi.com/icphs2027/vietti/0750.wav
751,6018,D05_09BF52_1,dopo,back,o,o,ita,f,544.5,1174.5,0.971181559,-1.285287231,TRUE,https://www.francescocangemi.com/icphs2027/vietti/0751.wav
752,5839,D19_37BM24_1,eccetera,front,ɛ,ɛ,bil,m,432.5,1677,0.414963208,0.331695974,TRUE,https://www.francescocangemi.com/icphs2027/vietti/0752.wav
753,6868,D11_22BM51_1,chioschi,back,ɔ,ɔ,ita,m,324.5,913.5,-0.491978853,-1.305913319,TRUE,https://www.francescocangemi.com/icphs2027/vietti/0753.wav
754,4599,D05_10BF52_1,viveva,front,e,e,ita,f,446.5,1957.5,-0.031765763,0.630716705,TRUE,https://www.francescocangemi.com/icphs2027/vietti/0754.wav
755,5140,D14_27BF49_1,allora,back,o,o,tyr,f,401,1098.5,-0.366494762,-1.010673902,TRUE,https://www.francescocangemi.com/icphs2027/vietti/0755.wav
756,6982,D17_34TF31_1,invece,front,e,e,bil,f,342,2225,-0.405374342,0.772674374,TRUE,https://www.francescocangemi.com/icphs2027/vietti/0756.wav
757,4804,D01_01BF47_1,poi,back,ɔ,ɔ,ita,f,483.5,1173,-0.06722966,-1.175114515,TRUE,https://www.francescocangemi.com/icphs2027/vietti/0757.wav
758,7044,D19_38BF21_1,perché,front,e,e,bil,f,399,2139,-0.534287366,0.779051245,TRUE,https://www.francescocangemi.com/icphs2027/vietti/0758.wav
759,5194,D14_27BF49_1,conoscono,back,ɔ,o,tyr,f,356,966,-0.652796441,-1.302477468,FALSE,https://www.francescocangemi.com/icphs2027/vietti/0759.wav
760,6729,D10_20LF18_1,situazione,back,ɔ,o,bil,f,540.5,1316.5,0.045770847,-0.972182453,FALSE,https://www.francescocangemi.com/icphs2027/vietti/0760.wav
761,6649,D03_05SGF21_1,cose,back,ɔ,ɔ,tyr,f,511.5,1650,-0.096527926,-0.287692496,TRUE,https://www.francescocangemi.com/icphs2027/vietti/0761.wav
762,4934,D05_09BF52_1,scopri,back,o,o,ita,f,596.5,1153,1.392769935,-1.33222955,TRUE,https://www.francescocangemi.com/icphs2027/vietti/0762.wav
763,6438,D17_34TF31_1,scuole,back,ɔ,ɔ,bil,f,524,1520,0.642907809,-0.609514589,TRUE,https://www.francescocangemi.com/icphs2027/vietti/0763.wav
764,6073,D19_37BM24_1,questo,front,e,e,bil,m,332.5,1535,-0.249355675,0.006796773,TRUE,https://www.francescocangemi.com/icphs2027/vietti/0764.wav
765,4500,D20_39BF58_1,perché,front,e,e,tyr,f,350,2254,-0.550837253,1.075775246,TRUE,https://www.francescocangemi.com/icphs2027/vietti/0765.wav
766,4681,D14_27BF49_1,costrette,front,ɛ,e,tyr,f,478,1827,0.123399222,0.593695141,FALSE,https://www.francescocangemi.com/icphs2027/vietti/0766.wav
767,6681,D05_09BF52_1,perché,front,e,e,ita,f,338,2343.5,-0.703010742,1.267064916,TRUE,https://www.francescocangemi.com/icphs2027/vietti/0767.wav
768,6485,D11_21BM60_1,persone,back,o,o,ita,m,244,812.5,-0.953678288,-1.373895425,TRUE,https://www.francescocangemi.com/icphs2027/vietti/0768.wav
769,5361,D01_02BF47_1,sono,back,o,o,ita,f,416,1168,-0.22861155,-0.691705198,TRUE,https://www.francescocangemi.com/icphs2027/vietti/0769.wav
770,5615,D07_13BF49_1,direi,front,ɛ,ɛ,tyr,f,503,1879,0.458393336,0.253305138,TRUE,https://www.francescocangemi.com/icphs2027/vietti/0770.wav
771,6756,D19_37BM24_1,vecchio,front,ɛ,ɛ,bil,m,501,1812,0.870021642,0.64057901799999994,TRUE,https://www.francescocangemi.com/icphs2027/vietti/0771.wav
772,5017,D07_13BF49_1,gente,front,e,ɛ,tyr,f,448,2468,0.12084133,1.372554955,FALSE,https://www.francescocangemi.com/icphs2027/vietti/0772.wav
773,4325,D09_17BF59_1,devo,front,e,ɛ,tyr,f,256,2013,-0.835578387,0.611578929,FALSE,https://www.francescocangemi.com/icphs2027/vietti/0773.wav
774,4617,D07_14BF45_1,perfettamente,front,e,e,tyr,f,327.5,1324.5,-0.924154124,-0.795139681,TRUE,https://www.francescocangemi.com/icphs2027/vietti/0774.wav
775,5356,D03_05SGF21_1,materie,front,ɛ,ɛ,tyr,f,758,2020,1.326771125,0.462647407,TRUE,https://www.francescocangemi.com/icphs2027/vietti/0775.wav
776,4512,D20_39BF58_1,avrei,front,ɛ,ɛ,tyr,f,583,2195,0.916304562,0.961770244,TRUE,https://www.francescocangemi.com/icphs2027/vietti/0776.wav
777,4908,D19_38BF21_1,sono,back,o,o,bil,f,351,1361,-0.959084003,-0.814371706,TRUE,https://www.francescocangemi.com/icphs2027/vietti/0777.wav
778,3999,D09_17BF59_1,se,front,e,e,tyr,f,537.5,1931,0.778678222,0.447378987,TRUE,https://www.francescocangemi.com/icphs2027/vietti/0778.wav
779,5696,D19_38BF21_1,po,back,ɔ,ɔ,bil,f,482,1293,0.200256819,-0.953642606,TRUE,https://www.francescocangemi.com/icphs2027/vietti/0779.wav
780,5687,D05_10BF52_1,è,front,ɛ,ɛ,ita,f,293,1485,-0.989624401,-0.424751463,TRUE,https://www.francescocangemi.com/icphs2027/vietti/0780.wav
781,3894,D20_39BF58_1,allora,back,ɔ,o,tyr,f,361,1479,-0.481573047,-0.421748083,FALSE,https://www.francescocangemi.com/icphs2027/vietti/0781.wav
782,4878,D20_39BF58_1,lei,front,ɛ,ɛ,tyr,f,555.5,2409,0.743144048,1.375279912,TRUE,https://www.francescocangemi.com/icphs2027/vietti/0782.wav
783,5855,D10_20LF18_1,mettere,front,e,e,bil,f,243,2353,-1.740471885,0.926488379,TRUE,https://www.francescocangemi.com/icphs2027/vietti/0783.wav
784,5347,D17_33TM62_1,solo,back,o,o,ita,m,344,842,0.272586101,-1.200913751,TRUE,https://www.francescocangemi.com/icphs2027/vietti/0784.wav
785,7377,D11_21BM60_1,conosca,back,o,o,ita,m,246,760,-0.939341287,-1.48879907,TRUE,https://www.francescocangemi.com/icphs2027/vietti/0785.wav
786,5731,D05_10BF52_1,perfetto,front,e,ɛ,ita,f,329.5,1778.5,-0.761859969,0.230867389,FALSE,https://www.francescocangemi.com/icphs2027/vietti/0786.wav
787,5753,D05_10BF52_1,sempre,front,ɛ,ɛ,ita,f,491,1930,0.24591964,0.569287341,TRUE,https://www.francescocangemi.com/icphs2027/vietti/0787.wav
788,5108,D19_38BF21_1,della,front,e,e,bil,f,362,2005,-0.861734773,0.504605647,TRUE,https://www.francescocangemi.com/icphs2027/vietti/0788.wav
789,4946,D19_37BM24_1,almeno,front,e,e,bil,m,238,1717,-0.877137019,0.423216876,TRUE,https://www.francescocangemi.com/icphs2027/vietti/0789.wav
790,6367,D10_19LM18_1,perché,front,e,e,tyr,m,363.5,1833.5,-0.443695698,1.063380455,TRUE,https://www.francescocangemi.com/icphs2027/vietti/0790.wav
791,6326,D03_05SGF21_1,scuola,back,ɔ,ɔ,tyr,f,737,1387,1.205516439,-0.82104221,TRUE,https://www.francescocangemi.com/icphs2027/vietti/0791.wav
792,4642,D01_01BF47_1,sei,front,ɛ,ɛ,ita,f,656,2023.5,0.776064318,0.596575941,TRUE,https://www.francescocangemi.com/icphs2027/vietti/0792.wav
793,6478,D11_22BM51_1,proposti,back,ɔ,o,ita,m,353,740,-0.297144672,-1.708813018,FALSE,https://www.francescocangemi.com/icphs2027/vietti/0793.wav
794,5858,D05_09BF52_1,emozioni,back,o,o,ita,f,395,1618,-0.240885022,-0.316965437,TRUE,https://www.francescocangemi.com/icphs2027/vietti/0794.wav
795,6537,D05_09BF52_1,proprio,back,ɔ,ɔ,ita,f,578.5,1236.5,1.246835497,-1.149918682,TRUE,https://www.francescocangemi.com/icphs2027/vietti/0795.wav
796,6407,D11_22BM51_1,ovviamente,front,e,e,ita,m,480,1766,0.571063782,0.673752349,TRUE,https://www.francescocangemi.com/icphs2027/vietti/0796.wav
797,6777,D19_37BM24_1,prova,back,ɔ,ɔ,bil,m,476.5,977,0.707263516,-1.269919808,TRUE,https://www.francescocangemi.com/icphs2027/vietti/0797.wav
798,7705,D11_21BM60_1,perché,front,e,e,ita,m,367,1956,-0.071952696,1.128815411,TRUE,https://www.francescocangemi.com/icphs2027/vietti/0798.wav
799,4794,D14_27BF49_1,adesso,front,ɛ,ɛ,tyr,f,511.5,1550.5,0.336534916,-0.015238339,TRUE,https://www.francescocangemi.com/icphs2027/vietti/0799.wav
800,4687,D05_10BF52_1,volte,back,ɔ,ɔ,ita,f,538,1086,0.539205347,-1.316035693,TRUE,https://www.francescocangemi.com/icphs2027/vietti/0800.wav
801,6601,D14_27BF49_1,seggi,front,e,ɛ,tyr,f,432,2229,-0.169264717,1.47901615,FALSE,https://www.francescocangemi.com/icphs2027/vietti/0801.wav
802,4713,D05_09BF52_1,cosa,back,ɔ,ɔ,ita,f,455,1161,0.245563104,-1.31476264,TRUE,https://www.francescocangemi.com/icphs2027/vietti/0802.wav
803,6586,D17_34TF31_1,vorresti,front,e,e,bil,f,388,2379.5,-0.140423908,1.075579615,TRUE,https://www.francescocangemi.com/icphs2027/vietti/0803.wav
804,6833,D11_21BM60_1,è,front,ɛ,ɛ,ita,m,495.5,1708,0.84919965,0.586032475,TRUE,https://www.francescocangemi.com/icphs2027/vietti/0804.wav
805,4925,D20_39BF58_1,racconti,back,o,o,tyr,f,407.5,1025,-0.188774358,-1.299006911,TRUE,https://www.francescocangemi.com/icphs2027/vietti/0805.wav
806,4580,D01_02BF47_1,notti,back,ɔ,ɔ,ita,f,411,1033.5,-0.257395591,-0.948899884,TRUE,https://www.francescocangemi.com/icphs2027/vietti/0806.wav
807,4962,D17_33TM62_1,essendo,front,e,ɛ,ita,m,277,1621.5,-0.553988193,0.633929907,FALSE,https://www.francescocangemi.com/icphs2027/vietti/0807.wav
808,5842,D11_22BM51_1,queste,front,e,e,ita,m,275,1477,-0.830375061,0.002639882,TRUE,https://www.francescocangemi.com/icphs2027/vietti/0808.wav
809,4374,D09_17BF59_1,quello,front,e,e,tyr,f,397,2199,-0.027016462,0.984032456,TRUE,https://www.francescocangemi.com/icphs2027/vietti/0809.wav
810,5184,D11_21BM60_1,dove,back,o,o,ita,m,267,783,-0.788802771,-1.43846033,TRUE,https://www.francescocangemi.com/icphs2027/vietti/0810.wav
811,5883,D17_33TM62_1,è,front,ɛ,ɛ,ita,m,384,1476,0.766063291,0.29144145,TRUE,https://www.francescocangemi.com/icphs2027/vietti/0811.wav
812,5832,D20_39BF58_1,è,front,ɛ,ɛ,tyr,f,636,2013,1.2500321,0.610093798,TRUE,https://www.francescocangemi.com/icphs2027/vietti/0812.wav
813,4028,D01_01BF47_1,raccontami,back,o,o,ita,f,254,1163,-1.1891773,-1.195945678,TRUE,https://www.francescocangemi.com/icphs2027/vietti/0813.wav
814,6886,D17_34TF31_1,invece,front,e,e,bil,f,417,2099,0.026610061,0.525644857,TRUE,https://www.francescocangemi.com/icphs2027/vietti/0814.wav
815,6310,D10_20LF18_1,socio,back,ɔ,ɔ,bil,f,534,996,0.006743695,-1.559277486,TRUE,https://www.francescocangemi.com/icphs2027/vietti/0815.wav
816,7562,D10_20LF18_1,po,back,ɔ,ɔ,bil,f,399,844,-0.803820234,-1.837712571,TRUE,https://www.francescocangemi.com/icphs2027/vietti/0816.wav
817,4975,D19_37BM24_1,scuola,back,ɔ,ɔ,bil,m,515,1119,0.963026286,-0.945020606,TRUE,https://www.francescocangemi.com/icphs2027/vietti/0817.wav
818,7064,D11_21BM60_1,credo,front,e,e,ita,m,353,1893,-0.172311707,0.990931036,TRUE,https://www.francescocangemi.com/icphs2027/vietti/0818.wav
819,6567,D14_27BF49_1,certo,front,ɛ,ɛ,tyr,f,470,1469,0.072501145,-0.194725061,TRUE,https://www.francescocangemi.com/icphs2027/vietti/0819.wav
820,7652,D10_20LF18_1,troverebbe,front,ɛ,ɛ,bil,f,505,2378,-0.167377446,0.972283623,TRUE,https://www.francescocangemi.com/icphs2027/vietti/0820.wav
821,5697,D01_01BF47_1,enormi,back,o,o,ita,f,434,774,-0.309218367,-2.006277939,TRUE,https://www.francescocangemi.com/icphs2027/vietti/0821.wav
822,7620,D11_21BM60_1,è,front,ɛ,ɛ,ita,m,445,1544,0.487190362,0.227095372,TRUE,https://www.francescocangemi.com/icphs2027/vietti/0822.wav
823,4459,D07_14BF45_1,questa,front,e,e,tyr,f,278.5,1974,-1.144664148,0.388024934,TRUE,https://www.francescocangemi.com/icphs2027/vietti/0823.wav
824,6649,D19_37BM24_1,po,back,ɔ,ɔ,bil,m,411,1100,0.272134648,-0.988493034,TRUE,https://www.francescocangemi.com/icphs2027/vietti/0824.wav
825,6045,D05_09BF52_1,allegri,front,e,e,ita,f,470,2348,0.367175135,1.276890053,TRUE,https://www.francescocangemi.com/icphs2027/vietti/0825.wav
826,6852,D11_22BM51_1,pieno,front,e,ɛ,ita,m,167.5,1859.5,-1.565275918,0.89087697,FALSE,https://www.francescocangemi.com/icphs2027/vietti/0826.wav
827,5570,D20_39BF58_1,dei,front,e,e,tyr,f,328,2268,-0.689365664,1.10282728,TRUE,https://www.francescocangemi.com/icphs2027/vietti/0827.wav
828,6291,D17_34TF31_1,teoricamente,front,e,e,bil,f,289,2626,-0.710643319,1.558855614,TRUE,https://www.francescocangemi.com/icphs2027/vietti/0828.wav
829,7084,D19_38BF21_1,prendere,front,e,ɛ,bil,f,418,2121.5,-0.366138697,0.743209469,FALSE,https://www.francescocangemi.com/icphs2027/vietti/0829.wav
830,6691,D10_20LF18_1,degli,front,e,e,bil,f,517,2454,-0.095327319,1.111501166,TRUE,https://www.francescocangemi.com/icphs2027/vietti/0830.wav
831,5626,D11_22BM51_1,è,front,ɛ,ɛ,ita,m,437,1458,0.27710344,-0.041481699,TRUE,https://www.francescocangemi.com/icphs2027/vietti/0831.wav
832,5062,D19_37BM24_1,percorso,back,o,o,bil,m,338,808,-0.212818136,-1.656595618,TRUE,https://www.francescocangemi.com/icphs2027/vietti/0832.wav
833,6776,D11_22BM51_1,meglio,front,ɛ,ɛ,ita,m,630,1673.5,1.596506839,0.458949916,TRUE,https://www.francescocangemi.com/icphs2027/vietti/0833.wav
834,6409,D17_33TM62_1,adesso,front,ɛ,ɛ,ita,m,371,1565,0.605683204,0.500936107,TRUE,https://www.francescocangemi.com/icphs2027/vietti/0834.wav
835,4563,D14_27BF49_1,entra,front,ɛ,e,tyr,f,431,2074,-0.175626976,1.137661034,FALSE,https://www.francescocangemi.com/icphs2027/vietti/0835.wav
836,6110,D11_22BM51_1,bene,front,e,ɛ,ita,m,337.5,1978.5,-0.403107121,1.167217398,FALSE,https://www.francescocangemi.com/icphs2027/vietti/0836.wav
837,4237,D01_01BF47_1,aveva,front,ɛ,e,ita,f,545,1627,0.233422975,-0.229379692,FALSE,https://www.francescocangemi.com/icphs2027/vietti/0837.wav
838,5577,D01_01BF47_1,forma,back,o,o,ita,f,370,665,-0.622092654,-2.233337621,TRUE,https://www.francescocangemi.com/icphs2027/vietti/0838.wav
839,4871,D05_09BF52_1,senza,front,e,ɛ,ita,f,400,2178,-0.200347678,0.905718227,FALSE,https://www.francescocangemi.com/icphs2027/vietti/0839.wav
840,6537,D17_33TM62_1,è,front,ɛ,ɛ,ita,m,294,1619,-0.344260387,0.628045225,TRUE,https://www.francescocangemi.com/icphs2027/vietti/0840.wav
841,5035,D19_37BM24_1,miei,front,ɛ,ɛ,bil,m,312,2607.5,-0.385541046,2.460700953,TRUE,https://www.francescocangemi.com/icphs2027/vietti/0841.wav
842,5805,D14_27BF49_1,voi,back,o,o,tyr,f,378,948,-0.512826731,-1.342118707,TRUE,https://www.francescocangemi.com/icphs2027/vietti/0842.wav
843,5974,D11_22BM51_1,zona,back,ɔ,ɔ,ita,m,523.5,918.5,0.868442269,-1.294302376,TRUE,https://www.francescocangemi.com/icphs2027/vietti/0843.wav
844,5347,D07_13BF49_1,talmente,front,e,e,tyr,f,403,2473,-0.155337584,1.382056227,TRUE,https://www.francescocangemi.com/icphs2027/vietti/0844.wav
845,5486,D11_22BM51_1,ritrova,back,ɔ,ɔ,ita,m,451,950,0.372811458,-1.22115344,TRUE,https://www.francescocangemi.com/icphs2027/vietti/0845.wav
846,5884,D17_33TM62_1,è,front,ɛ,ɛ,ita,m,431,1431,1.345898989,0.185517185,TRUE,https://www.francescocangemi.com/icphs2027/vietti/0846.wav
847,6493,D03_05SGF21_1,tedesche,front,e,e,tyr,f,480,1988,-0.278409954,0.397753145,TRUE,https://www.francescocangemi.com/icphs2027/vietti/0847.wav
848,6648,D11_22BM51_1,paragoni,back,o,o,ita,m,247.5,819.5,-1.018372955,-1.524199034,TRUE,https://www.francescocangemi.com/icphs2027/vietti/0848.wav
849,8384,D10_20LF18_1,perché,front,e,e,bil,f,412,2102,-0.72576593,0.466704125,TRUE,https://www.francescocangemi.com/icphs2027/vietti/0849.wav
850,5079,D19_37BM24_1,queste,front,e,e,bil,m,300.5,1832,-0.461937717,0.686339469,TRUE,https://www.francescocangemi.com/icphs2027/vietti/0850.wav
851,5136,D03_05SGF21_1,ore,back,o,o,tyr,f,451,796.5,-0.445856902,-2.018544136,TRUE,https://www.francescocangemi.com/icphs2027/vietti/0851.wav
852,5302,D10_19LM18_1,è,front,ɛ,ɛ,tyr,m,395,1540,-0.186633905,0.1503012,TRUE,https://www.francescocangemi.com/icphs2027/vietti/0852.wav
853,5148,D17_34TF31_1,sei,front,ɛ,ɛ,bil,f,537,2043,0.717785105,0.415853961,TRUE,https://www.francescocangemi.com/icphs2027/vietti/0853.wav
854,5896,D20_39BF58_1,devo,front,e,ɛ,tyr,f,319.5,2392.5,-0.742888005,1.343397157,FALSE,https://www.francescocangemi.com/icphs2027/vietti/0854.wav
855,6016,D01_01BF47_1,ritorno,back,o,o,ita,f,361,899,-0.666090601,-1.745888395,TRUE,https://www.francescocangemi.com/icphs2027/vietti/0855.wav
856,4458,D14_27BF49_1,TRUE,front,ɛ,e,tyr,f,437.5,1650.5,-0.134272289,0.204990767,FALSE,https://www.francescocangemi.com/icphs2027/vietti/0856.wav
857,6014,D05_09BF52_1,loro,back,o,o,ita,f,427,1055,0.018553978,-1.546199191,TRUE,https://www.francescocangemi.com/icphs2027/vietti/0857.wav
858,6015,D17_33TM62_1,commercio,front,ɛ,ɛ,ita,m,338,1399,0.198564522,0.110193263,TRUE,https://www.francescocangemi.com/icphs2027/vietti/0858.wav
859,5605,D19_38BF21_1,contenta,front,e,ɛ,bil,f,366,2299,-0.826335054,1.106747482,FALSE,https://www.francescocangemi.com/icphs2027/vietti/0859.wav
860,4762,D09_17BF59_1,adesso,front,e,ɛ,tyr,f,429,1948,0.156486953,0.481420438,FALSE,https://www.francescocangemi.com/icphs2027/vietti/0860.wav
861,6859,D17_34TF31_1,templi,front,e,e,bil,f,375.5,2624,-0.212421309,1.554934511,TRUE,https://www.francescocangemi.com/icphs2027/vietti/0861.wav
862,5063,D11_22BM51_1,scorso,back,o,o,ita,m,347,942.5,-0.338162394,-1.238569853,TRUE,https://www.francescocangemi.com/icphs2027/vietti/0862.wav
863,4445,D14_27BF49_1,sempre,front,e,ɛ,tyr,f,298,2126,-1.021807494,1.25218017,FALSE,https://www.francescocangemi.com/icphs2027/vietti/0863.wav
864,5579,D19_38BF21_1,molto,back,o,o,bil,f,385,894,-0.658186385,-1.770835097,TRUE,https://www.francescocangemi.com/icphs2027/vietti/0864.wav
865,6950,D17_34TF31_1,zona,back,o,o,bil,f,410,1664.5,-0.013708483,-0.326214865,TRUE,https://www.francescocangemi.com/icphs2027/vietti/0865.wav
866,6984,D11_21BM60_1,molto,back,o,o,ita,m,198,770,-1.283429323,-1.466912662,TRUE,https://www.francescocangemi.com/icphs2027/vietti/0866.wav
867,3696,D07_14BF45_1,poi,back,ɔ,ɔ,tyr,f,674,1044,0.63516676,-1.306113775,TRUE,https://www.francescocangemi.com/icphs2027/vietti/0867.wav
868,6581,D03_05SGF21_1,spesso,front,e,e,tyr,f,488,1916,-0.232217693,0.251741056,TRUE,https://www.francescocangemi.com/icphs2027/vietti/0868.wav
869,6597,D11_21BM60_1,credo,front,e,e,ita,m,292.5,1195.5,-0.606006002,-0.535645971,TRUE,https://www.francescocangemi.com/icphs2027/vietti/0869.wav
870,5335,D10_19LM18_1,festa,front,e,ɛ,tyr,m,461,1575,0.351971757,0.25918629,FALSE,https://www.francescocangemi.com/icphs2027/vietti/0870.wav
871,4845,D17_34TF31_1,però,back,ɔ,ɔ,bil,f,400.5,1599.5,-0.068426508,-0.453650727,TRUE,https://www.francescocangemi.com/icphs2027/vietti/0871.wav
872,5591,D09_17BF59_1,ecco,front,ɛ,ɛ,tyr,f,192,2122.5,-1.202585218,0.830845925,TRUE,https://www.francescocangemi.com/icphs2027/vietti/0872.wav
873,5517,D17_34TF31_1,non,back,o,o,bil,f,232,1687,-1.038951465,-0.282102452,TRUE,https://www.francescocangemi.com/icphs2027/vietti/0873.wav
874,5890,D14_27BF49_1,collo,back,ɔ,ɔ,tyr,f,441,1013.5,-0.112004381,-1.197868642,TRUE,https://www.francescocangemi.com/icphs2027/vietti/0874.wav
875,4173,D20_39BF58_1,deve,front,e,ɛ,tyr,f,314,2325,-0.777520108,1.212967706,FALSE,https://www.francescocangemi.com/icphs2027/vietti/0875.wav
876,5934,D17_33TM62_1,perché,front,e,e,ita,m,385,1762,0.778400221,0.964649001,TRUE,https://www.francescocangemi.com/icphs2027/vietti/0876.wav
877,6096,D05_09BF52_1,però,back,ɔ,ɔ,ita,f,647,1166,1.802197107,-1.303845822,TRUE,https://www.francescocangemi.com/icphs2027/vietti/0877.wav
878,7495,D11_21BM60_1,è,front,ɛ,ɛ,ita,m,484,1529,0.766761891,0.194265759,TRUE,https://www.francescocangemi.com/icphs2027/vietti/0878.wav
879,6483,D19_38BF21_1,molto,back,o,o,bil,f,412,976,-0.419238277,-1.602890775,TRUE,https://www.francescocangemi.com/icphs2027/vietti/0879.wav
880,4915,D01_01BF47_1,gallette,front,e,e,ita,f,377,2264.5,-0.587872029,1.098606981,TRUE,https://www.francescocangemi.com/icphs2027/vietti/0880.wav
881,5475,D01_02BF47_1,insomma,back,o,o,ita,f,382,981,-0.424343028,-1.049291862,TRUE,https://www.francescocangemi.com/icphs2027/vietti/0881.wav
882,5558,D05_10BF52_1,sistema,front,ɛ,ɛ,ita,f,490.5,1644,0.24279958,-0.069578048,TRUE,https://www.francescocangemi.com/icphs2027/vietti/0882.wav
883,5891,D01_01BF47_1,evidentemente,front,e,e,ita,f,553,2213,0.272532261,0.991326489,TRUE,https://www.francescocangemi.com/icphs2027/vietti/0883.wav
884,5257,D17_33TM62_1,proprio,back,ɔ,ɔ,ita,m,322,893,0.001173646,-1.080866251,TRUE,https://www.francescocangemi.com/icphs2027/vietti/0884.wav
885,5388,D03_05SGF21_1,penso,front,ɛ,ɛ,tyr,f,367,1971,-0.930875645,0.363278069,TRUE,https://www.francescocangemi.com/icphs2027/vietti/0885.wav
886,4962,D09_17BF59_1,veramente,front,e,e,tyr,f,452,2261,0.288380033,1.108183632,TRUE,https://www.francescocangemi.com/icphs2027/vietti/0886.wav
887,4106,D05_10BF52_1,dispiacere,front,e,e,ita,f,470,2270,0.114877091,1.328777662,TRUE,https://www.francescocangemi.com/icphs2027/vietti/0887.wav
888,6337,D05_10BF52_1,riesco,front,ɛ,ɛ,ita,f,554,1853,0.63904729,0.397285121,TRUE,https://www.francescocangemi.com/icphs2027/vietti/0888.wav
889,7014,D05_09BF52_1,persone,back,o,o,ita,f,426,1429,0.010446510000000001,-0.729621173,TRUE,https://www.francescocangemi.com/icphs2027/vietti/0889.wav
890,6402,D14_27BF49_1,delle,front,ɛ,e,tyr,f,472,1814,0.085225664,0.565065357,FALSE,https://www.francescocangemi.com/icphs2027/vietti/0890.wav
891,6580,D14_27BF49_1,avessero,front,e,e,tyr,f,295.5,2341.5,-1.037713142,1.726773895,TRUE,https://www.francescocangemi.com/icphs2027/vietti/0891.wav
892,6262,D01_01BF47_1,quindicesima,front,e,ɛ,ita,f,368,2334.5,-0.631869976,1.244425126,FALSE,https://www.francescocangemi.com/icphs2027/vietti/0892.wav
893,4285,D20_39BF58_1,erano,front,ɛ,ɛ,tyr,f,557,1857.5,0.752589167,0.309622988,TRUE,https://www.francescocangemi.com/icphs2027/vietti/0893.wav
894,3952,D07_14BF45_1,secondo,back,o,o,tyr,f,334.5,1144,-0.892652692,-1.123948322,TRUE,https://www.francescocangemi.com/icphs2027/vietti/0894.wav
895,6736,D10_20LF18_1,giovani,back,o,o,bil,f,449.5,959.5,-0.500609283,-1.626138542,TRUE,https://www.francescocangemi.com/icphs2027/vietti/0895.wav
896,8012,D10_20LF18_1,livello,front,ɛ,ɛ,bil,f,815,1937,1.693917502,0.164455512,TRUE,https://www.francescocangemi.com/icphs2027/vietti/0896.wav
897,4782,D07_13BF49_1,noi,back,o,o,tyr,f,275,1419,-0.94091316,-0.620811867,TRUE,https://www.francescocangemi.com/icphs2027/vietti/0897.wav
898,4810,D11_22BM51_1,allora,back,o,o,ita,m,337.5,859,-0.403107121,-1.43247259,TRUE,https://www.francescocangemi.com/icphs2027/vietti/0898.wav
899,4389,D01_02BF47_1,ho,back,o,ɔ,ita,f,354,968.5,-0.585533657,-1.073194714,FALSE,https://www.francescocangemi.com/icphs2027/vietti/0899.wav
900,4022,D05_10BF52_1,loro,back,o,o,ita,f,387,1479,-0.403052987,-0.438154233,TRUE,https://www.francescocangemi.com/icphs2027/vietti/0900.wav
901,4840,D09_17BF59_1,posto,back,ɔ,o,tyr,f,563.5,1117.5,0.927774747,-1.181604586,FALSE,https://www.francescocangemi.com/icphs2027/vietti/0901.wav
902,5509,D11_21BM60_1,è,front,e,ɛ,ita,m,308,1781,-0.494894241,0.745803259,FALSE,https://www.francescocangemi.com/icphs2027/vietti/0902.wav
903,6338,D19_37BM24_1,sei,front,e,ɛ,bil,m,340,1844.5,-0.199531758,0.714939751,FALSE,https://www.francescocangemi.com/icphs2027/vietti/0903.wav
904,5003,D05_09BF52_1,ritrovi,back,ɔ,ɔ,ita,f,542,1260,0.950912887,-1.098609636,TRUE,https://www.francescocangemi.com/icphs2027/vietti/0904.wav
905,4464,D14_27BF49_1,vedi,front,e,e,tyr,f,434.5,2277.5,-0.153359068,1.585827266,TRUE,https://www.francescocangemi.com/icphs2027/vietti/0905.wav
906,6135,D10_20LF18_1,devono,front,e,ɛ,bil,f,432,2367,-0.605682385,0.952133716,FALSE,https://www.francescocangemi.com/icphs2027/vietti/0906.wav
907,6936,D10_20LF18_1,poi,back,ɔ,ɔ,bil,f,517,1253,-0.095327319,-1.088502374,TRUE,https://www.francescocangemi.com/icphs2027/vietti/0907.wav
908,6972,D17_34TF31_1,è,front,ɛ,ɛ,bil,f,365,2108.5,-0.272899125,0.544270099,TRUE,https://www.francescocangemi.com/icphs2027/vietti/0908.wav
909,5303,D09_17BF59_1,ero,front,ɛ,ɛ,tyr,f,566,2273,0.942110951,1.132212892,TRUE,https://www.francescocangemi.com/icphs2027/vietti/0909.wav
910,4453,D19_37BM24_1,sono,back,o,o,bil,m,271,855.5,-0.657911787,-1.547914547,TRUE,https://www.francescocangemi.com/icphs2027/vietti/0910.wav
911,6397,D19_38BF21_1,questo,front,e,e,bil,f,408,1955,-0.454637996,0.402200573,TRUE,https://www.francescocangemi.com/icphs2027/vietti/0911.wav
912,6066,D17_34TF31_1,delle,front,e,e,bil,f,338.5,2287,-0.425533614,0.894228581,TRUE,https://www.francescocangemi.com/icphs2027/vietti/0912.wav
913,5376,D09_17BF59_1,allora,back,o,o,tyr,f,338.5,1065.5,-0.362483644,-1.285731378,TRUE,https://www.francescocangemi.com/icphs2027/vietti/0913.wav
914,4379,D19_37BM24_1,rispetto,front,ɛ,ɛ,bil,m,570.5,1737,1.331723266,0.468977327,TRUE,https://www.francescocangemi.com/icphs2027/vietti/0914.wav
915,4821,D20_39BF58_1,detto,front,e,e,tyr,f,333.5,2195,-0.654733562,0.961770244,TRUE,https://www.francescocangemi.com/icphs2027/vietti/0915.wav
916,4918,D11_22BM51_1,preso,front,e,e,ita,m,350.5,1442.5,-0.31423539,-0.07747562,TRUE,https://www.francescocangemi.com/icphs2027/vietti/0916.wav
917,4086,D09_17BF59_1,sembra,front,e,e,tyr,f,443,2001,0.236769698,0.587549669,TRUE,https://www.francescocangemi.com/icphs2027/vietti/0917.wav
918,5826,D05_09BF52_1,mente,front,e,e,ita,f,368.5,2500,-0.455732944,1.608761333,TRUE,https://www.francescocangemi.com/icphs2027/vietti/0918.wav
919,4609,D03_05SGF21_1,tempo,front,ɛ,ɛ,tyr,f,583,2033,0.31631541,0.489010701,TRUE,https://www.francescocangemi.com/icphs2027/vietti/0919.wav
920,4667,D07_14BF45_1,poi,back,ɔ,ɔ,tyr,f,251,892,-1.268419774,-1.583005262,TRUE,https://www.francescocangemi.com/icphs2027/vietti/0920.wav
921,4878,D05_09BF52_1,volere,front,e,e,ita,f,396,2266,-0.232777553,1.097854231,TRUE,https://www.francescocangemi.com/icphs2027/vietti/0921.wav
922,7748,D11_21BM60_1,potrebbe,front,ɛ,ɛ,ita,m,497,1593,0.859952401,0.334338775,TRUE,https://www.francescocangemi.com/icphs2027/vietti/0922.wav
923,4266,D09_17BF59_1,ero,front,ɛ,ɛ,tyr,f,236.5,1860,-0.94740078,0.305205866,TRUE,https://www.francescocangemi.com/icphs2027/vietti/0923.wav
924,5792,D17_34TF31_1,farei,front,ɛ,ɛ,bil,f,466,2023,0.308839871,0.376642926,TRUE,https://www.francescocangemi.com/icphs2027/vietti/0924.wav
925,5729,D01_02BF47_1,negozi,back,ɔ,ɔ,ita,f,550,1171,0.542800746,-0.685968513,TRUE,https://www.francescocangemi.com/icphs2027/vietti/0925.wav
926,5955,D17_33TM62_1,è,front,ɛ,ɛ,ita,m,263,1771,-0.72670521,0.985833854,TRUE,https://www.francescocangemi.com/icphs2027/vietti/0926.wav
927,4906,D05_10BF52_1,diversa,front,ɛ,ɛ,ita,f,767,1695,1.968193152,0.044345501,TRUE,https://www.francescocangemi.com/icphs2027/vietti/0927.wav
928,6116,D17_34TF31_1,questi,front,e,e,bil,f,386.5,2526,-0.149063596,1.362800442,TRUE,https://www.francescocangemi.com/icphs2027/vietti/0928.wav
929,4354,D03_05SGF21_1,tedesco,front,e,e,tyr,f,505,1878,-0.134059138,0.17467912,TRUE,https://www.francescocangemi.com/icphs2027/vietti/0929.wav
930,4310,D17_33TM62_1,questo,front,e,e,ita,m,160,1510,-1.997408974,0.371473117,TRUE,https://www.francescocangemi.com/icphs2027/vietti/0930.wav
931,6412,D17_34TF31_1,permettono,front,e,e,bil,f,322,2556,-0.520570182,1.421616994,TRUE,https://www.francescocangemi.com/icphs2027/vietti/0931.wav
932,5925,D05_10BF52_1,avevano,front,e,e,ita,f,455,1803,0.021275269,0.285595368,TRUE,https://www.francescocangemi.com/icphs2027/vietti/0932.wav
933,4438,D01_02BF47_1,molto,back,o,o,ita,f,366,798,-0.516451959,-1.399229613,TRUE,https://www.francescocangemi.com/icphs2027/vietti/0933.wav
934,4435,D03_05SGF21_1,meglio,front,ɛ,ɛ,tyr,f,772,1689,1.407607583,-0.208602614,TRUE,https://www.francescocangemi.com/icphs2027/vietti/0934.wav
935,4585,D05_09BF52_1,come,back,o,o,ita,f,316,1111.5,-0.881375055,-1.422839143,TRUE,https://www.francescocangemi.com/icphs2027/vietti/0935.wav
936,5997,D11_21BM60_1,proprio,back,ɔ,ɔ,ita,m,316.5,930,-0.433961984,-1.116730122,TRUE,https://www.francescocangemi.com/icphs2027/vietti/0936.wav
937,5042,D19_37BM24_1,conoscenti,front,e,ɛ,bil,m,322,2013.5,-0.319109157,1.101615561,FALSE,https://www.francescocangemi.com/icphs2027/vietti/0937.wav
938,3219,D07_14BF45_1,molto,back,o,o,tyr,f,486,1213.5,-0.210871699,-0.997343333,TRUE,https://www.francescocangemi.com/icphs2027/vietti/0938.wav
939,4767,D05_10BF52_1,è,front,ɛ,ɛ,ita,f,621.5,2086.5,1.060255486,0.918876268,TRUE,https://www.francescocangemi.com/icphs2027/vietti/0939.wav
940,4521,D05_09BF52_1,mente,front,e,e,ita,f,360,2506,-0.524646429,1.621861515,TRUE,https://www.francescocangemi.com/icphs2027/vietti/0940.wav
941,4395,D14_27BF49_1,soliti,back,ɔ,ɔ,tyr,f,571,1053,0.715089358,-1.110878145,TRUE,https://www.francescocangemi.com/icphs2027/vietti/0941.wav
942,5356,D11_21BM60_1,conosco,back,o,o,ita,m,233,761,-1.032531797,-1.48661043,TRUE,https://www.francescocangemi.com/icphs2027/vietti/0942.wav
943,5987,D05_10BF52_1,avercela,front,e,e,ita,f,436.5,1916,-0.094166977,0.53801421,TRUE,https://www.francescocangemi.com/icphs2027/vietti/0943.wav
944,5876,D05_10BF52_1,sono,back,o,o,ita,f,226,1479,-1.407712536,-0.438154233,TRUE,https://www.francescocangemi.com/icphs2027/vietti/0944.wav
945,5915,D03_05SGF21_1,è,front,ɛ,ɛ,tyr,f,813,1715.5,1.644342922,-0.154862054,TRUE,https://www.francescocangemi.com/icphs2027/vietti/0945.wav
946,5164,D09_17BF59_1,aveva,front,e,e,tyr,f,379,2053,-0.130237133,0.691676462,TRUE,https://www.francescocangemi.com/icphs2027/vietti/0946.wav
947,5661,D01_01BF47_1,chiesetta,front,e,e,ita,f,360,2212,-0.670979262,0.989243373,TRUE,https://www.francescocangemi.com/icphs2027/vietti/0947.wav
948,7801,D10_20LF18_1,fosse,back,o,ɔ,bil,f,406,1964,-0.761790993,0.213914376,FALSE,https://www.francescocangemi.com/icphs2027/vietti/0948.wav
949,4785,D05_09BF52_1,poi,back,ɔ,ɔ,ita,f,510.5,1613.5,0.695527621,-0.326790573,TRUE,https://www.francescocangemi.com/icphs2027/vietti/0949.wav
950,4986,D19_38BF21_1,sempre,front,e,ɛ,bil,f,350,2153,-0.967933933,0.807724666,FALSE,https://www.francescocangemi.com/icphs2027/vietti/0950.wav
951,4171,D03_05SGF21_1,delle,front,e,e,tyr,f,430,2036,-0.567111588,0.495094538,TRUE,https://www.francescocangemi.com/icphs2027/vietti/0951.wav
952,3050,D07_14BF45_1,ora,back,o,o,tyr,f,577,1199,0.198646917,-1.023757323,TRUE,https://www.francescocangemi.com/icphs2027/vietti/0952.wav
953,4694,D07_13BF49_1,ovviamente,front,e,e,tyr,f,442,2473,0.084017475,1.382056227,TRUE,https://www.francescocangemi.com/icphs2027/vietti/0953.wav
954,4998,D14_27BF49_1,quello,front,ɛ,e,tyr,f,487.5,1214,0.183840687,-0.756309284,FALSE,https://www.francescocangemi.com/icphs2027/vietti/0954.wav
955,6387,D19_37BM24_1,questo,front,e,e,bil,m,289.5,1494,-0.535012794,-0.087012152,TRUE,https://www.francescocangemi.com/icphs2027/vietti/0955.wav
956,4267,D05_10BF52_1,cosa,back,ɔ,ɔ,ita,f,502,1129,0.314560976,-1.219982505,TRUE,https://www.francescocangemi.com/icphs2027/vietti/0956.wav
957,4491,D01_02BF47_1,ho,back,o,ɔ,ita,f,345,918,-0.637344931,-1.169762235,FALSE,https://www.francescocangemi.com/icphs2027/vietti/0957.wav
958,4458,D11_22BM51_1,sembra,front,e,e,ita,m,335.5,1665,-0.416779695,0.439211314,TRUE,https://www.francescocangemi.com/icphs2027/vietti/0958.wav
959,3784,D07_13BF49_1,noi,back,o,o,tyr,f,313.5,699,-0.704626756,-1.988995005,TRUE,https://www.francescocangemi.com/icphs2027/vietti/0959.wav
960,4881,D09_17BF59_1,po',back,ɔ,ɔ,tyr,f,373,977,-0.164644024,-1.462947169,TRUE,https://www.francescocangemi.com/icphs2027/vietti/0960.wav
961,5068,D17_33TM62_1,considerevolmente,front,e,e,ita,m,294,1831,-0.344260387,1.127066207,TRUE,https://www.francescocangemi.com/icphs2027/vietti/0961.wav
962,4371,D05_10BF52_1,donna,back,ɔ,ɔ,ita,f,579.5,1459.5,0.798170386,-0.481713237,TRUE,https://www.francescocangemi.com/icphs2027/vietti/0962.wav
963,3561,D07_14BF45_1,delle,front,e,e,tyr,f,508.5,1985.5,-0.109617096,0.408973961,TRUE,https://www.francescocangemi.com/icphs2027/vietti/0963.wav
964,5193,D20_39BF58_1,possono,back,ɔ,ɔ,tyr,f,432.5,1126.5,-0.031355709,-1.102879662,TRUE,https://www.francescocangemi.com/icphs2027/vietti/0964.wav
965,4660,D09_17BF59_1,sempre,front,ɛ,ɛ,tyr,f,605.5,2035.5,1.16862298,0.656633791,TRUE,https://www.francescocangemi.com/icphs2027/vietti/0965.wav
966,6300,D01_01BF47_1,potevo,front,e,e,ita,f,409,1921,-0.431434885,0.383056515,TRUE,https://www.francescocangemi.com/icphs2027/vietti/0966.wav
967,5631,D20_39BF58_1,giorni,back,o,o,tyr,f,381,1038,-0.355638127,-1.273887164,TRUE,https://www.francescocangemi.com/icphs2027/vietti/0967.wav
968,7153,D19_38BF21_1,sapere,front,e,e,bil,f,433,2116,-0.233389748,0.731944911,TRUE,https://www.francescocangemi.com/icphs2027/vietti/0968.wav
969,4457,D05_10BF52_1,dolore,back,o,o,ita,f,378,843,-0.45921408,-1.858847893,TRUE,https://www.francescocangemi.com/icphs2027/vietti/0969.wav
970,5905,D17_33TM62_1,ricchezza,front,e,e,ita,m,317,1687,-0.060511003,0.788108559,TRUE,https://www.francescocangemi.com/icphs2027/vietti/0970.wav
971,3980,D07_13BF49_1,però,back,o,ɔ,tyr,f,389,1194,-0.241259912,-1.048369097,FALSE,https://www.francescocangemi.com/icphs2027/vietti/0971.wav
972,5110,D20_39BF58_1,detto,front,e,e,tyr,f,318.5,1990,-0.749184751,0.56565117,TRUE,https://www.francescocangemi.com/icphs2027/vietti/0972.wav
973,6474,D11_21BM60_1,posti,back,ɔ,o,ita,m,488,863,0.795435894,-1.263369061,FALSE,https://www.francescocangemi.com/icphs2027/vietti/0973.wav
974,4012,D05_10BF52_1,TRUE,front,e,e,ita,f,420,2233,-0.19712898,1.246127245,TRUE,https://www.francescocangemi.com/icphs2027/vietti/0974.wav
975,4542,D05_09BF52_1,vedere,front,e,e,ita,f,415.5,2312,-0.074681912,1.19828896,TRUE,https://www.francescocangemi.com/icphs2027/vietti/0975.wav
976,5321,D07_13BF49_1,proprio,back,ɔ,ɔ,tyr,f,586,1234,0.967789999,-0.972358923,TRUE,https://www.francescocangemi.com/icphs2027/vietti/0976.wav
977,3055,D07_14BF45_1,mezza,front,ɛ,ɛ,tyr,f,716.5,2300.5,0.826425455,0.982795136,TRUE,https://www.francescocangemi.com/icphs2027/vietti/0977.wav
978,5093,D05_10BF52_1,rifletti,front,ɛ,ɛ,ita,f,719.5,1961.5,1.671787385,0.639651885,TRUE,https://www.francescocangemi.com/icphs2027/vietti/0978.wav
979,5754,D10_20LF18_1,come,back,o,o,bil,f,304,919.5,-1.374217073,-1.699410933,TRUE,https://www.francescocangemi.com/icphs2027/vietti/0979.wav
980,5634,D01_02BF47_1,è,front,ɛ,ɛ,ita,f,394.5,1936.5,-0.352382926,0.777842134,TRUE,https://www.francescocangemi.com/icphs2027/vietti/0980.wav
981,4417,D03_05SGF21_1,secondo,back,o,o,tyr,f,385,1019.5,-0.826943057,-1.566312249,TRUE,https://www.francescocangemi.com/icphs2027/vietti/0981.wav
982,6175,D05_10BF52_1,noi,back,o,o,ita,f,284,1821,-1.045785494,0.325803679,TRUE,https://www.francescocangemi.com/icphs2027/vietti/0982.wav
983,4475,D01_02BF47_1,giorni,back,o,o,ita,f,401,786,-0.314963673,-1.422176351,TRUE,https://www.francescocangemi.com/icphs2027/vietti/0983.wav
984,5622,D19_38BF21_1,questo,front,e,e,bil,f,398,2104.5,-0.543137296,0.708391744,TRUE,https://www.francescocangemi.com/icphs2027/vietti/0984.wav
985,4344,D10_19LM18_1,nella,front,e,e,tyr,m,395,1597,-0.186633905,0.327628346,TRUE,https://www.francescocangemi.com/icphs2027/vietti/0985.wav
986,5388,D10_20LF18_1,ancora,back,o,o,bil,f,654,1695.5,0.727244965,-0.277926548,TRUE,https://www.francescocangemi.com/icphs2027/vietti/0986.wav
987,3714,D07_14BF45_1,poi,back,ɔ,ɔ,tyr,f,695.5,1198,0.731921159,-1.025578978,TRUE,https://www.francescocangemi.com/icphs2027/vietti/0987.wav
988,6996,D11_22BM51_1,possono,back,ɔ,ɔ,ita,m,459,847,0.427501755,-1.460338852,TRUE,https://www.francescocangemi.com/icphs2027/vietti/0988.wav
989,4885,D19_37BM24_1,scuola,back,ɔ,ɔ,bil,m,473,915,0.684012355,-1.411777205,TRUE,https://www.francescocangemi.com/icphs2027/vietti/0989.wav
990,4876,D14_27BF49_1,divertenti,front,e,ɛ,tyr,f,411,1954,-0.302872167,0.873386106,FALSE,https://www.francescocangemi.com/icphs2027/vietti/0990.wav
991,5777,D01_02BF47_1,solite,back,ɔ,ɔ,ita,f,449,990,-0.03863688,-1.032081808,TRUE,https://www.francescocangemi.com/icphs2027/vietti/0991.wav
992,5645,D19_38BF21_1,solo,back,o,o,bil,f,461,1263,0.01440829,-1.015085651,TRUE,https://www.francescocangemi.com/icphs2027/vietti/0992.wav
993,4762,D20_39BF58_1,è,front,ɛ,ɛ,tyr,f,384.5,2278,-0.333599516,1.122150162,TRUE,https://www.francescocangemi.com/icphs2027/vietti/0993.wav
994,4708,D07_13BF49_1,po',back,ɔ,ɔ,tyr,f,377,1219,-0.314907623,-1.000862739,TRUE,https://www.francescocangemi.com/icphs2027/vietti/0994.wav
995,4340,D07_13BF49_1,persona,back,o,o,tyr,f,345,742.5,-0.511301517,-1.90633394,TRUE,https://www.francescocangemi.com/icphs2027/vietti/0995.wav
996,6094,D17_33TM62_1,come,back,o,o,ita,m,278,733,-0.541651263,-1.45748586,TRUE,https://www.francescocangemi.com/icphs2027/vietti/0996.wav
997,5562,D05_10BF52_1,è,front,e,e,ita,f,462,1914.5,0.064956119,0.534663517,TRUE,https://www.francescocangemi.com/icphs2027/vietti/0997.wav
998,4910,D05_09BF52_1,nostri,back,o,ɔ,ita,f,399.5,1264,-0.204401413,-1.089876181,FALSE,https://www.francescocangemi.com/icphs2027/vietti/0998.wav
999,5158,D11_22BM51_1,frequentazione,back,o,o,ita,m,309,914,-0.597941302,-1.304752224,TRUE,https://www.francescocangemi.com/icphs2027/vietti/0999.wav
1000,7032,D19_38BF21_1,averlo,front,e,e,bil,f,448.5,1738,-0.096215834,-0.042237448,TRUE,https://www.francescocangemi.com/icphs2027/vietti/1000.wav
